"Title","ShTitle","Abbr","flag"
"AIME, Techn. Publ.","AIME, Techn. Publ.","AIME;TP",1
"Am.Ceram.Soc.Bull.","Am.Ceram.Soc.Bull.","ACSB",1
"Am.J.Sci.,Ser.4","Am.J.Sci.,Ser.4","AJS;S4",1
"Arm.Khim.Zh.","Arm.Khim.Zh.","AKZ",1
"Am.Mineral.","Am.Mineral.","AMIN",1
"Appl.Opt.","Appl.Opt.","AO",1
"Ann.Phys.","Ann.Phys.","AP",1
"Berg-und Huttenmann.Monatshefte","Berg-und Huttenmann.Monatshefte","BHM",1
"Bull.Governm.Ind.Res.Inst.Osaka","Bull.Governm.Ind.Res.Inst.Osaka","BGIRIO",1
"Bull.Soc.d'Encour.,Ser.5","Bull.Soc.d`Encour.,Ser.5","BSE;S5",1
"Bull.Soc.Chim.France Mem.,Ser.5","Bull.Soc.Chim.France Mem.,Ser.5","BSCF;S5",1
"Collec.Czechoslovak Chem.Commun.","Collec.Czechoslovak Chem.Commun.","CCCC",1
"Centr.Glass Ceram.Res.Inst.Bull.","Centr.Glass Ceram.Res.Inst.Bull.","CGCRIB",1
"Canad.J.Chem.","Canad.J.Chem.","CJC",1
"Chin.J.Phys.","Chin.J.Phys.","CJP",1
"Contrib.Mineral.Petrol.","Contrib.Mineral.Petrol.","CMP",1
"C.R.Acad.Sci.,Ser.C","C.R.Acad.Sci.,Ser.C","CRAS;C",1
"C.R.Acad.Sci. (Compt.rend.)","C.R.Acad.Sci. (Compt.rend.)","CRAS",1
"Chem.Rev.","Chem.Rev.","CR",1
"Dokl.Akad.Nauk SSSR","Dokl.Akad.Nauk SSSR","DANSSSR",1
"Dokl.Akad.Nauk Bel.SSR","Dokl.Akad.Nauk Bel.SSR","DANBSSR",1
"Electrochim.Acta","Electrochim.Acta","EA",1
"Egypt.J.Phys.","Egypt.J.Phys.","EJP",1
"Elektricheskie Svoistva Stekla, Leningrad","Elektricheskie Svoistva Stekla, Leningrad","ESS",1
"Earth Planetary Sci.Lett.","Earth Planetary Sci.Lett.","EPSL",1
"Fizika i Khimiya Stekla","Fizika i Khimiya Stekla","FKS",1
"Fizika Tverdogo Tela","Fizika Tverdogo Tela","FTT",1
"In: Fiziko-Khimicheskie Issledovaniya Struktury i Svoistv Kvartsevogo Stekla, Moskva","In: Fiziko-Khim.Issled.Kvartsevogo Stekla, Moskva","FKISSKS",1
"Geochim.Cosmochim.Acta","Geochim.Cosmochim.Acta","GCA",1
"Glass Industry","Glass Industry","GI",1
"Glastech.Ber.","Glastech.Ber.","GB",1
"Glastech.Tabellen, Berlin","Glastech.Tabellen, Berlin","GT;B",1
"Glass Technology","Glass Technology","GT",1
"High Temp.Sci.","High Temp.Sci.","HTS",1
"Izv.Akad.Nauk SSSR, Otd.Tekh.Nauk, Metall.Gorn.Delo","Izv.Akad.Nauk SSSR, Otd.Tekh.Nauk, Metall.Gorn.Delo","IANSSSR;OTN;MGD",1
"Izv.Akad.Nauk SSSR, Otd.Tekh.Nauk, Metall.Topl.","Izv.Akad.Nauk SSSR, Otd.Tekh.Nauk, Metall.Topl.","IANSSSR;OTN;MT",1
"Izv.Akad.Nauk SSSR, Metally","Izv.Akad.Nauk SSSR, Metally","IANSSSR;M",1
"Izv.Akad.Nauk SSSR, Ser.Fiz.","Izv.Akad.Nauk SSSR, Ser.Fiz.","IANSSSR;SF",1
"Izv.Akad.Nauk Gruz.SSR,Ser.Khim.","Izv.Akad.Nauk Gruz.SSR,Ser.Khim.","IANGSSR;SK",1
"Izv.Akad.Nauk Arm.SSR,Khim.Nauki","Izv.Akad.Nauk Arm.SSR,Khim.Nauki","IANASSR;KN",1
"Izv.Akad.Nauk Kaz.SSR,ser.Khim.","Izv.Akad.Nauk Kaz.SSR,ser.Khim.","IANKSSR;SK",1
"Izv.Akad.Nauk Latv.SSR,Ser.Khim.","Izv.Akad.Nauk Latv.SSR,Ser.Khim.","IANLSSR;SK",1
"Izv.Vyssh.Uchebn.Zaved., Khimiya i Khim.Tekhnol.","Izv.Vyssh.Uchebn.Zaved., Khimiya i Khim.Tekhnol.","IVUZ;KT",1
"Izv.Vyssh.Uchebn.Zaved., Fizika","Izv.Vyssh.Uchebn.Zaved., Fizika","IVUZ;F",1
"J.Am.Ceram.Soc.","J.Am.Ceram.Soc.","JACS",1
"J.Appl.Phys.","J.Appl.Phys.","JAP",1
"J.Ceram.Soc.Jpn","J.Ceram.Soc.Jpn","JCSJ",1
"J.Ceram.Assoc.Jpn","J.Ceram.Assoc.Jpn","JCAJ",1
"J.Canad.Ceram.Soc.","J.Canad.Ceram.Soc.","JCCS",1
"J.Cryst.Growth","J.Cryst.Growth","JCG",1
"J.Chem.Phys","J.Chem.Phys","JCP",1
"J.Chin.Silic.Soc.","J.Chin.Silic.Soc.","JCSS",1
"J.Geophys.Res.","J.Geophys.Res.","JGR",1
"Jpn.J.Appl.Phys.","Jpn.J.Appl.Phys.","JJAP",1
"J.Jpn Inst.Metals","J.Jpn Inst.Metals","JJIM",1
"J.Korean Chem.Soc.","J.Korean Chem.Soc.","JKCS",1
"J.Mater.Sci.","J.Mater.Sci.","JMS",1
"J.Mater.Sci.Lett.","J.Mater.Sci.Lett.","MSL",1
"J.Non-Cryst.Solids","J.Non-Cryst.Solids","JNCS",1
"J.Nucl.Mater.","J.Nucl.Mater.","JNM",1
"J.Opt.Soc.Am.","J.Opt.Soc.Am.","JOSA",1
"J.Phys.Chem.","J.Phys.Chem.","JPC",1
"J.Phys.Chem.Solids","J.Phys.Chem.Solids","JPCS",1
"J.Phys.(Paris),Colloq.C9,suppl.12","J.Phys.(Paris),Colloq.C9,suppl.12","JP;C9;S12",1
"J.Res.Nat.Bur.Stand.","J.Res.Nat.Bur.Stand.","JRNBS",1
"J.Sci.Ind.Res.","J.Sci.Ind.Res.","JSIR",1
"J.Soc.Chem.Ind.","J.Soc.Chem.Ind.","JSCI",1
"J.Soc.Chem.Ind.Jpn","J.Soc.Chem.Ind.Jpn.","JSCIJ",1
"J.Soc.Glass Technol.","J.Soc.Glass Technol.","JSGT",1
"J.Soc.Mater.Sci.Jpn","J.Soc.Mater.Sci.Jpn","JSMSJ",1
"J.Soc.Powder Powder Metal.","J.Soc.Powder Powder Metal.","JSPPM",1
"Khimiya Redkikh Elementov, Leningrad","Khimiya Redkikh Elementov, Leningrad","KRE",1
"In: Khimiya Tverdogo Tela, Leningrad","In: Khimiya Tverdogo Tela, Leningrad","KTT",1
"Kolloid Z.,Z.Polymere","Kolloid Z.,Z.Polymere","KZ",1
"Metall.Trans.","Metall.Trans.","MT",1
"Nature","Nature","N",1
"Neorg.Mater.","Neorg.Mater.","NM",1
"Ogneupory","Ogneupory","OG",1
"Opt.Mekh.Prom.","Opt.Mekh.Prom.","OMP",1
"Proc.Br.Ceram.Soc.","Proc.Br.Ceram.Soc.","PBCS",1
"Proc.XVth Intern.Congr.on Glass, Leningrad","Proc.XVth Intern.Congr.on Glass, Leningrad","CGXV",1
"Phys.Chem.Glasses","Phys.Chem.Glasses","PCG",1
"Proc.Imper.Acad.Tokyo","Proc.Imper.Acad.Tokyo","PIAT",1
"Philos.Mag.,B","Philos.Mag.,B","PM;B",1
"Philips Res.Repts Suppl.","Philips Res.Repts Suppl.","PRRS",1
"Proc.R.Soc.London,Ser.A","Proc.R.Soc.London,Ser.A","PRSL;A",1
"Phys.Status Solidi A","Phys.Status Solidi A","PSSA",1
"Perekhodnye Stekla i Spai v Elektrovakuumnoi Promyshlennosti, Moskva","Perekhodnye Stekla i Spai v Elektrovak.Promyshlennosti, Moskva","PSSEVP",1
"Rep.Asahi Glass Contr.Found.Ind.Technol.","Rep.Asahi Glass Contr.Found.Ind.Technol.","RAGFIT",1
"Rev.Electr.Comm.Labor.","Rev.Electr.Comm.Labor.","RECL",1
"Rep.Governm.Ind.Res.Inst.Osaka","Rep.Governm.Ind.Res.Inst.Osaka","RGIRIO",1
"Rev.Int.Hautes Temp.Refract.","Rev.Int.Hautes Temp.Refract.","RIHTR",1
"Rep.Ind.Res.Inst.Aichi Prefect","Rep.Ind.Res.Inst.Aichi Prefect","RIRIAP",1
"Rev.Metall., Paris","Rev.Metall., Paris","RM;P",1
"Radex-Rundsch.","Radex-Rundsch.","RR",1
"Res.Rep.Fac.Eng.Mie Univ","Res.Rep.Fac.Eng.Mie Univ.","RRFEMU",1
"Rev.Sci.Instr.","Rev.Sci.Instr.","RSI",1
"Sb.Vys.Sk.Chem.Technol.Praze,Chem.Technol.Silik.","Sb.Vys.Sk.Chem.Technol.Praze,Chem.Technol.Silik.","SVSCTP",1
"Steklo","Steklo","S",1
"Silikaty","Silikaty","SIL",1
"Steklo Keram.","Steklo Keram.","SK",1
"Suomen Kemist","Suomen Kemist","SKEM",1
"Sklar a keramik","Sklar a keramik","SKER",1
"Sprechsaal Keram.,Glas,Email,Silik.","Sprechsaal Keram.,Glas,Email,Silik.","SKGES",1
"Spai Metalla so Steklom, Moskva-Leningrad","Spai Metalla so Steklom, Moskva-Leningrad","SMSS",1
"In: Stekloobraznoe Sostoyanie, Erevan","In: Stekloobraznoe Sostoyanie, Erevan","SSE",1
"In: Stekloobraznoe Sostoyanie, Leningrad","In: Stekloobraznoe Sostoyanie, Leningrad","SSL",1
"Silikattechnik","Silikattechnik","ST",1
"Szklo i ceram.","Szklo i Ceram.","SZC",1
"Thermochim.Acta","Thermochim.Acta","TA",1
"Technical Approach to Glass","Technical Approach to Glass","TAG",1
"Tr.Akad.Nauk Litov.SSR","Tr.Akad.Nauk Litov.SSR","TANLSSR",1
"Tr.Akad.Nauk Litov.SSR, B","Tr.Akad.Nauk Litov.SSR, B","TANLSSR;B",1
"Tr.Beloruss.Politekhn.Inst.","Tr.Beloruss.Politekhn.Inst.","TBPI",1
"Tr.Inst.Khim.Nauk Akad.Nauk Kaz.SSR","Tr.Inst.Khim.Nauk Akad.Nauk Kaz.SSR","TIKNANKSSR",1
"Trans.Faraday Soc.","Trans.Faraday Soc.","TFS",1
"Technical Glasses, London","Technical Glasses, London","TG",1
"Trans.Inst.Mining.Metall., sect.C","Trans.Inst.Mining.Metall., sect.C","TIMM;C",1
"Trans.Iron Steel Inst.Jpn","Trans.Iron Steel Inst.Jpn","TISIJ",1
"Tr.Leningr.Tekhnol.Inst.","Tr.Leningr.Tekhnol.Inst.","TLTI",1
"Technol.Rep.Kansai Univ.","Technol.Rep.Kansai Univ.","TRKU",1
"Univ.Ill.Bull.","Univ.Ill.Bull.","UIB",1
"Ukr.Khim.Zh.","Ukr.Khim.Zh.","UKZ",1
"Uzb.Khim.Zh.","Uzb.Khim.Zh.","UZBKZ",1
"Vestn.Akad.Nauk Kaz.SSR","Vestn.Akad.Nauk Kaz.SSR","VANKSSR",1
"Verres Refr.","Verres Refr.","VR",1
"Vetro e Silicati","Vetro e Silicati","VS",1
"Z.Chem.","Z.Chem.","ZC",1
"Z.anorg.allgem.Chem.","Z.anorg.allgem.Chem.","ZAAC",1
"Zh.Fiz.Khim.","Zh.Fiz.Khim.","ZFK",1
"Z.Phys.Chem.","Z.Phys.Chem.","ZPC",1
"Zh.Prikl.Khim.","Zh.Prikl.Khim.","ZPK",1
"Zh.Tekhn.Fiz.","Zh.Tekhn.Fiz.","ZTF",1
"Acta Physicochim.URSS","Acta Physicochim.URSS","APURSS",1
"Adv.Ceram.Mater.","Adv.Ceram.Mater.","ACM",1
"In: Advances in Fusion of Glass, American Ceramic Soc., Westerville,Ohio","In: Advances in Fusion of Glass, American Ceramic Soc., Ohio","ADVFG",1
"In: Advances in Glass Technology, Plenum Press, N.Y.","In: Advances in Glass Technology, Plenum Press, N.Y.","AGT",1
"Am.J.Sci.","Am.J.Sci.","AJS",1
"Am.J.Sci.,Ser.5","Am.J.Sci.,Ser.5","AJS;S5",1
"In: Amorphous Materials (eds R.W.Douglas and B.Ellis), Wiley-Interscience, London","In: Amorphous Materials, Wiley-Interscience, London","AM",1
"Ber.Dtsch.Keram.Ges.","Ber.Dtsch.Keram.Ges.","BDKG",1
"Boll.Soc.Espan.Ceram.Vidrio","Bol.Soc.Espan.Ceram.Vidrio","BSECV",1
"Brit.J.Appl.Phys.","Brit.J.Appl.Phys.","BJAP",1
"Bull.Inst.Chem.Res.Kyoto Univ.","Bull.Inst.Chem.Res.Kyoto Univ.","BICRKU",1
"Bull.Tokyo Inst.Technol.","Bull.Tokyo Inst.Technol.","BTIT",1
"Chem.Papers.","Chem.Papers","CPAP",1
"Compt.Rend.VII Congr.Intern. du Verre, Bruxelles","Compt.Rend.VII Congr.Intern. du Verre, Bruxelles","CGVII",1
"Contemp.Phys.","Contemp.Phys.","CP",1
"C.R.Acad.Bulg.Sci.","C.R.Acad.Bulg.Sci.","CRABS",1
"Dokl.Akad.Nauk Arm.SSR","Dokl.Akad.Nauk Arm.SSR","DANASSR",1
"Dokl.Bolg.Akad.Nauk","Dokl.Bolg.Akad.Nauk","DBAN",1
"Egypt.J.Chem.","Egypt.J.Chem.","EJC",1
"In: Electrical Properties of Glasses, Leningrad","In: Electrical Properties of Glasses, Leningrad","EPG",1
"In: Elektricheskie Svoistva i Stroenie Stekla, Moskva","In: Elektricheskie Svoistva i Stroenie Stekla, Moskva","ESSS",1
"In: Elektricheskie Svoistva i Stroenie Stekla, Erevan","In: Elektricheskie Svoistva i Stroenie Stekla, Erevan","ESSSE",1
"Elektrokhim.","Elektrokhim.","EK",1
"Elektrokhimiya i Rasplavy, Moskva","Elektrokhimiya i Rasplavy, Moskva","ER",1
"In: Elektron.Priborostroenie, Moskva","In: Elektron.Priborostroenie, Moskva","EP",1
"Elektron.Tekh., Ser.6, Mater.","Elektron.Tekh., Ser.6, Mater.","ET;S6",1
"Erzmetall","Erzmetall","EM",1
"In: Fiziko-Khimicheskie Osnovy Proizvodstva Stali, Moskva","In: Fiziko-Khimicheskie Osnovy Proizvodstva Stali, Moskva","FKOPS",1
"In: Fiziko-Khimicheskie Svoistva Troinoi Sistemy NaâO-PbO-SiOâ, Moskva","In: Fiz.-Khim.Svoistva Sistemy NaâO-PbO-SiOâ, Moskva","FKSTS",1
"In: Fiziko-Khimicheskie Issledovaniya Struktury i Svoistv Stekol i Steklokristallicheskikh Materialov, Moskva","In: Fiziko-Khim.Issled.Struktury i Svoistv Stekol, Moskva","FKISSSSM",1
"Infrared Phys.","Infrared Phys.","IP",1
"Iron Steel Inst.Journ.Intern.","Iron Steel Inst.Journ.Intern.","ISIJI",1
"In: Issledovanie Protsessov i Sovershenstvovanie Tekhnologii v Proizvodstve Polimernykh Materialov i Stekla, Ivanovo","In: Issledovanie Protsessov i Sovershenstvovanie Tekhnologii","IPSTPPMS",1
"In: Issledovanie Stekloobraznykh Sistem i Sintez Novykh Stekol na ikh Osnove, Moskva","In: Issled.Stekloobr.Sistem i Sintez Novykh Stekol, Moskva","ISSSNSO",1
"In: Issledovanie Stroitelnykh Materialov i Izdelii na Osnove Gornykh Porod Zakavkazya, Tbilisi","In: Issledovanie Stroitelnykh Materialov, Tbilisi","ISMIOGPZ",1
"In: Issledovaniya v Oblasti Khimii Silikatov i Okislov, Moskva","In: Issled. v Oblasti Khimii Silikatov i Okislov, Moskva","IOKSO",1
"In: IX Congr.Intern.du Verre, Versailles","In: IX Congr.Intern.du Verre, Versailles","CGIX",1
"In: IXth Silikonf, Budapest","In: IXth Siliconf, Budapest","IXSil",1
"Izv.Akad.Nauk Bel.SSR,ser.Khim.","Izv.Akad.Nauk Bel.SSR,ser.Khim.","IANBSSR;SK",1
"Izv.Akad.Nauk SSSR, Otd.Khim.Nauk","Izv.Akad.Nauk SSSR, Otd.Khim.Nauk","IANSSSR;OKN",1
"Izv.Vyssh.Uchebn.Zaved., Chern.Metal.","Izv.Vyssh.Uchebn.Zaved., Chern.Metal.","IVUZ;CM",1
"Izv.Vyssh.Uchebn.Zaved., Tsvetn.Metall.","Izv.Vyssh.Uchebn.Zaved., Tsvetn.Metall.","IVUZ;TM",1
"J.Am.Chem.Soc.","J.Am.Chem.Soc.","JAChS",1
"J.Chem.Eng.Data","J.Chem.Eng.Data","JCED",1
"J.Chem.Soc.Jpn,Chem.Chem.Ind.","J.Chem.Soc.Jpn,Chem.Chem.Ind.","JCSJ;CIC",1
"J.Geology","J.Geology","JG",1
"J.Electrochem.Soc.","J.Electrochem.Soc.","JES",1
"J.Electroanalyt.Chem.Interfac.Electrochem.","J.Electroanalyt.Chem.Interfac.Electrochem.","JECIE",1
"J.Iron Steel Inst.Jpn","J.Iron Steel Inst.Jpn","JISIJ",1
"J.Mater.Sci.:Mater.Med.","J.Mater.Sci.:Mater.Med.","JMSMM",1
"J.Metals","J.Metals","JM",1
"Keramika i Steklo","Keramika i Steklo","KS",1
"In: Khimiya i Prakticheskoe Primenenie Silikatov, Leningrad","In: Khimiya i Prakticheskoe Primenenie Silikatov, Leningrad","KPPS",1
"Khim.Tekhnol., Kharkov","Khim.Tekhnol., Kharkov","KT",1
"Legk.Prom.","Legk.Prom.","LP",1
"In: Likvatsionnye Yavleniya v Steklakh, Leningrad","In: Likvatsionnye Yavleniya v Steklakh, Leningrad","LYS",1
"Magyar Tud.Akad.Kemiai Tud.Oszt.Kozl.","Magyar Tud.Akad.Kemiai Tud.Oszt.Kozl.","MTAKTOK",1
"Mater.Res.Bull.","Mater.Res.Bull.","MRB",1
"Mechanical Behavior Materials, Soc.Mater.Sci.Jpn, Kyoto","Mechanical Behavior Materials, Soc.Mater.Sci.Jpn, Kyoto","MBMSMSJ",1
"In: Mekhanicheskie i Teplovye Svoistva i Stroenie Neorganicheskikh Stekol, Moskva","In: Mekhanicheskie i Teplovye Svoistva Stekol, Moskva","MTSSS",1
"Metallurg.Trans;B","Metallurg.Trans;B","MT;B",1
"In: Neorganicheskie Stekla, Pokrytiya i Materialy, Riga","In: Neorganicheskie Stekla, Pokrytiya i Materialy, Riga","NSPM",1
"Phys.Rev.B","Phys.Rev.B","PRB",1
"Prom.Arm.","Prom.Arm.","PA",1
"Pr.Nauk.Inst.Chem.Nieorg.Met.Pierw.","Pr.Nauk.Inst.Chem.Nieorg.Met.Pierw.","PNICNMP",1
"Proc.Xth Intern.Congr.on Glass, Kyoto","Proc.Xth Intern.Congr.on Glass, Kyoto","CGX",1
"Proc.XIth Intern.Congr.on Glass, Prague","Proc.XIth Intern.Congr.on Glass, Prague","CGXI",1
"Proc.XVIIth Intern.Congr.on Glass, Beijing","Proc.XVIIth Intern.Congr.on Glass, Beijing","CGXVII",1
"In: Proizvodstvo i Issledovanie Stekla i Silikatnykh Materialov, Yaroslavl","In: Proizv. i Issled.Stekla i Silikatn.Materialov, Yaroslavl","PISSM",1
"Properties of Glasses in Some Ternary Systems Containing BaO and SiOâ. Nat.Bur.Stand.Monograph","Prop. of Glasses Containing BaO and SiO2. NBS Monograph","PGSTSCBS",1
"Radiokhimiya","Radiokhimiya","RK",1
"Res.Electrotech.Lab.","Res.Electrotech.Lab.","REL",1
"Rev.Chim.Minerale","Rev.Chim.Minerale","RCM",1
"Riv.Staz.Sper.Vetro","Riv.Staz.Sper.Vetro","RSSV",1
"In: Piroksenovaya Steklokeramika, Minsk","In: Piroksenovaya Steklokeramika, Minsk","PGC",1
"In: Sb.Nauchn.Trudov po Problemam Mikroelektroniki, Moskva","In: Sb.Nauchn.Trudov po Problemam Mikroelektroniki, Moskva","SNTPM",1
"In: Sb.Nauchn.Rabot Belor.Politekhn.Inst.","In: Sb.Nauchn.Rabot Belor.Politekhn.Inst.","SNRBPI",1
"In: Stekla i Steklovidnye Pokrytiya, Riga","In: Stekla i Steklovidnye Pokrytiya, Riga","SSP",1
"In: Steklo i Silikatnye Materialy. Minsk","In: Steklo i Silikatnye Materialy. Minsk","SSM",1
"In: Stekloobraznye Sistemy i Novye Stekla na ikh Osnove, Moskva","In: Stekloobraznye Sistemy i Novye Stekla na ikh Osnove, Moskva","SSNSO",1
"In: Stekloobraznye Sistemy i Materialy, Riga","In: Stekloobraznye Sistemy i Materialy, Riga","STSM",1
"In: Steklo, Sitally i Silikatnye Materialy, Minsk","In: Steklo, Sitally i Silikatnye Materialy, Minsk","SSSM",1
"Stroit.Mater.Silik.Prom.","Stroit.Mater.Silik.Prom.","SMSP",1
"In: Struktura i Svoistva Shlakovykh Rasplavov. Kurgan","In: Struktura i Svoistva Shlakovykh Rasplavov. Kurgan","SSSRK",1
"In: Strukturnye Prevrashcheniya v Steklakh pri Povyshennykh Temperaturakh, Moskva","In: Strukturnye Prevrashcheniya v Steklakh, Moskva","SPPT",1
"In: Svoistva i Struktura Shlakovykh Rasplavov, Moskva","In: Svoistva i Struktura Shlakovykh Rasplavov, Moskva","SSSRM",1
"Technol.Rep.Osaka Univ.","Technol.Rep.Osaka Univ.","TROU",1
"Tekhnologiya Elektrovakuumnykh Materialov, Tom 2, Energiya, Moskva","Tekhnologiya Elektrovakuumnykh Materialov, Tom 2, Moskva","TEM",1
"In: Tezisy III Vses.Konf.po Stroeniyu i Svoistvam Metallicheskikh i Shlakovykh Rasplavov, Sverdlovsk","In: Tezisy III Vses.Konf.po Stroeniyu i Svoistvam Metallicheskikh","TVKSSMSR",1
"Tonind.Ztg.","Tonind.Ztg.","TZ",1
"Trans.Am.Inst.Min.(Metall)Engrs.","Trans.Am.Inst.Min.(Metall)Engrs.","TAIME",1
"Trans.Brit.Cer.Soc.","Trans.Brit.Cer.Soc.","TBCS",1
"Trans.Indian.Cer.Soc.","Trans.Indian.Cer.Soc.","TICS",1
"Trans.Metall.Soc.AIME","Trans.Metall.Soc.AIME","TMSAIME",1
"Trav.IV Congr.Intern.du Verre, Paris","Trav.IV Congr.Intern.du Verre, Paris","CGIV",1
"Tr.Gos.Optich.Inst.","Tr.Gos.Optich.Inst.","TGOI",1
"Tr.Inst.Metall., Sverdlovsk","Tr.Inst.Metall., Sverdlovsk","TIM",1
"Tr.Mosk.Khim.Tekhnol.Inst.","Tr.Mosk.Khim.Tekhnol.Inst.","TMKTI",1
"Tr.Tsentr.Nauchno-Issl.Inst.Chern.Met.","Tr.Tsentr.Nauchno-Issl.Inst.Chern.Met.","TTNIICM",1
"Tr.Uralsk.Nauchno-Issled.Inst.Chern.Metal.","Tr.Uralsk.Nauchno-Issled.Inst.Chern.Metal.","TUNIICM",1
"Tr.Vses.Nauchno-Issled.Proektn.Konstr.Tekhnol.Inst.Istochn.Sveta","Tr.Vses.Nauchno-Issled.Inst.Istochnikov Sveta","TVNPKTIIS",1
"Uch.Zap.Kabard.-Balkar.Gos.Univ.","Uch.Zap.Kabard.-Balkar.Gos.Univ.","UZKBGU",1
"Vestn.Leningr.Gos.Univ., Fiz.Khim.","Vestn.Leningr.Gos.Univ., Fiz.Khim.","VLGU;FK",1
"In: Vliyanie Tseziya na Nekotorye Svoistva Silikatnykh i Bornykh Stekol, Minsk","Vliyanie Tseziya na Nekotorye Svoistva Stekol, Minsk","VTNSSBS",1
"In: Vliyanie Vysokogo Davleniya na Strukturnye Svoistva Materialov, Kiev","In: Vliyanie Vysokogo Davl. na Strukt.Svoistva Materialov, Kiev","VVDSSM",1
"Vopr.Radioelektron., Ser.4: Tekhnol.Proizv.Oborud.","Vopr.Radioelektron., Ser.4: Tekhnol.Proizv.Oborud.","VR;S4",1
"In: Vopr.Khim.Khim.Tekhnol.,Kharkov","In: Vopr.Khim.Khim.Tekhnol.,Kharkov","VKT",1
"In: Vyazkost` Zhidkostei i Kolloidnykh Rastvorov, Moskva","In: Vyazkost` Zhidkostei i Kolloidnykh Rastvorov, Moskva","VZKR",1
"Zh.Neorg.Khim.","Zh.Neorg.Khim.","ZNK",1
"Akust.Zh.","Akust.Zh.","AZ",1
"Ann.Rep.Ceram.Eng.Res.Lab.,Nagoya Inst.Technol.","Ann.Rep.Ceram.Eng.Res.Lab.,Nagoya Inst.Technol.","ARCERL",1
"Brit.Cer.Trans.J.","Brit.Cer.Trans.J.","BCTJ",1
"Bull.Fac.Eng.,Hiroshima Univ.","Bull.Fac.Eng.,Hiroshima Univ.","BFEHU",1
"Chem.Geol.","Chem.Geol.","CG",1
"C.R.Acad.Sci.,Ser.II","C.R.Acad.Sci.,Ser.II","CRAS;II",1
"Dielectric Materials and Applications. New York.","Dielectric Materials and Applications. New York.","DMA",1
"Diff.Def.Data","Diff.Def.Data","DDD",1
"In: Eksperiment v Oblasti Tekhnicheskogo Mineraloobrazovaniya. Moskva","In: Eksperiment v Oblasti Mineraloobrazovaniya","EOTM",1
"Fizika i Khimiya Obrab.Mater.","Fizika i Khimiya Obrab.Mater.","FKOM",1
"Glastekn.Tidskr.","Glastekn.Tidskr.","GTID",1
"In: High-Pressure Science and Technology (Proc.VIth ATRAPT Conf., Boulder, Colo). New York.","In: High-Pressure Science and Technology, New York","HPST",1
"High Temp.Chem.Proc.Symp. Bombay.","High Temp.Chem.Proc.Symp. Bombay.","HTCPS",1
"Indian J.Phys.","Indian J.Phys.","IJP",1
"Inzh.Fiz.Zh.","Inzh.Fiz.Zh.","IFZ",1
"Izv.Akad.Nauk SSSR, Otd.Fiz.Mat.Nauk","Izv.Akad.Nauk SSSR, Otd.Fiz.Mat.Nauk","IANSSSR;OFMN",1
"J.Chim.Phys.Phys.-Chim.Biol.","J.Chim.Phys.Phys.-Chim.Biol.","JCPPCB",1
"J.Cryst.Soc.Jpn","J.Cryst.Soc.Jpn","JCRSJ",1
"J.Phys.(Paris),Letters","J.Phys.(Paris),Letters","JPPL",1
"Mater.Sci.Eng.","Mater.Sci.Eng.","MSE",1
"Naturwissenschaften","Naturwissenschaften","NW",1
"In: Nekotorye Voprosy Fiziki Zhidkosti, Kazan","In: Nekotorye Voprosy Fiziki Zhidkosti, Kazan","NVFZ",1
"Neues Jahrbuch Miner.Monatshefte","Neues Jahrbuch Miner.Monatshefte","NJMM",1
"Philos.Mag.,A","Philos.Mag.,A","PM;A",1
"Phys.Rev.Lett.","Phys.Rev.Lett.","PRL",1
"Phys.Z","Phys.Z","PZ",1
"Private communication.","Private communication","PC",1
"Proc.Am.Acad.Arts Sci.","Proc.Am.Acad.Arts Sci.","PAAAS",1
"In: Physics of Non-Crystalline Solids (ed.J.A.Prins), North Holland, Amsterdam","In: Physics of Non-Crystalline Solids, Amstrdam","PNCS",1
"Progress in Theory of Physical Properties of Glass. Elsevier. New York.","Progress in Theory of Physical Properties of Glass, New York","PTPPG",1
"Rheol.Acta","Rheol.Acta","RA",1
"Rev.Opt.","Rev.Opt.","RO",1
"Solid State Comm.","Solid State Comm.","SSC",1
"In: Stekloobraznoe Sostoyanie, Minsk","In: Stekloobraznoe Sostoyanie, Minsk","SSMINSK",1
"In: Stroenie Stekla, Moskva-Leningrad","In: Stroenie Stekla, Moskva-Leningrad","STRS",1
"Teplofiz.Vys.Temp.","Teplofiz.Vys.Temp.","TVT",1
"Tr.Gork.Politekhn.Inst.","Tr.Gork.Politekhn.Inst.","TGPI",1
"Tr.Metrolog.Institutov SSSR","Tr.Metrolog.Institutov SSSR","TMISSSR",1
"In: Tr. VI Koordinatsionnogo Soveshch. po Shlifovke i Polirovke Stekla,Saratov","In: Tr. VI Soveshch. po Shlifovke i Polirovke Stekla,Saratov","TVIKSSPS",1
"Uch.Zap.Leningr.Univ.","Uch.Zap.Leningr.Univ.","UZLU",1
"Wiss.Z.Fridrich-Schiller Univ, Naturwiss.Reihe, Jena","Wiss.Z.Fridrich-Schiller Univ, Math.-Naturwiss.Reihe, Jena","WZFSUNR",1
"Z.Elektrochem.","Z.Elektrochem.","ZEC",1
"Z.Naturforsch.","Z.Naturforsch.","ZN",1
"Z.Phys.Chem.A","Z.Phys.Chem.A","ZPCA",1
"In: Zashchitnye Pokrytiya, Leningrad","In: Zashchitnye Pokrytiya, Leningrad","ZP",1
"Zh.Obshch.Khim.","Zh.Obshch.Khim.","ZOK",1
"Ann.Phys.Chem.","Ann.Phys.Chem.","APC",1
"Appl.Phys.Lett.","Appl.Phys.Lett.","APL",1
"Dokl.Akad.Nauk SSSR, ser.A","Dokl.Akad.Nauk SSSR, ser.A","DAN;SA",1
"God.Vissh.Khim.Tekhnol.Inst., Burgas","God.Vissh.Khim.Tekhnol.Inst., Burgas","GVKTI;B",1
"In: Issledovaniya v Oblasti Radiotekhniki i Elektroniki, Moskva","In: Issled. v Oblasti Radiotekhniki i Elektroniki, Moskva","IORE",1
"Izv.Akad.Nauk Bel.SSR,ser.Fiz.-Tekhn.Nauk","Izv.Akad.Nauk Bel.SSR,ser.Fiz.-Tekhn.Nauk","IANBSSR;FTN",1
"J.Acoust.Soc.Am.","J.Acoust.Soc.Am.","JASA",1
"J.Phys.D:Appl.Phys.","J.Phys.D:Appl.Phys.","JPD;AP",1
"Metrologia","Metrologia","M",1
"Phys.Lett.","Phys.Lett.","PL",1
"Phys.Rev.","Phys.Rev.","PR",1
"Rep.Inst.Ind.Sci.Univ.Tokyo","Rep.Inst.Ind.Sci.Univ.Tokyo","RIISUT",1
"In: Sb.Nauchn.Rabot Belor.Politekhn.Inst.,Khimiya, Tekhnologiya i Istoriya Stekla i Keramiki","In: Sb.Nauch.Rab.Belor.Politekh.Inst., Khim.Tekhn.Stekla, Ker.","SNRBPI;KTISK",1
"Soobshch.Akad.Nauk Gruz.SSR","Soobshch.Akad.Nauk Gruz.SSR","SANGSSR",1
"In: Stekloobraznoe Sostoyanie, Moskva-Leningrad","In: Stekloobraznoe Sostoyanie, Moskva-Leningrad","SSML",1
"In: Svoistva i Razrabotka Novykh Opticheskikh Stekol, Leningrad","In: Svoistva i Razrabotka Novykh Opticheskikh Stekol, Leningrad","SRNOS",1
"Tr.Gruz.Politekhn.Inst.","Tr.Gruz.Politekhn.Inst.","TGRPI",1
"Techn.Phys.USSR","Techn.Phys.USSR","TPUSSR",1
"Chem.Weekblad.","Chem.Weekblad.","CW",1
"J.Chem.UAR","J.Chem.UAR","JCUAR",1
"Econ.Geol.USA","Econ.Geol.USA","EGUSA",1
"J.Fac.Eng.,Univ.Tokyo","J.Fac.Eng.,Univ.Tokyo","JFEUT",1
"J.Phys.C:Solid State.Phys.","J.Phys.C:Solid State Phys.","JPC;SSP",1
"J.Phys.(Paris),Colloq.C5,suppl.10","J.Phys.(Paris),Colloq.C5,suppl.10","JP;C5;S10",1
"J.Phys.(Paris),Colloq.C6,suppl.8","J.Phys.(Paris),Colloq.C6,suppl.8","JP;C6;S8",1
"Philips Res.Rep.","Philips Res.Rep.","PRR",1
"Phys.Lett.A","Phys.Lett.A","PLA",1
"Rev.Gen.Therm.Fr.","Rev.Gen.Therm.Fr.","RGTF",1
"Tr.Gos.Inst.Ogneuporov","Tr.Gos.Inst.Ogneuporov","TGIO",1
"Vestn.Mosk.Univ.,Fiz.,Astron.,Ser.3","Vestn.Mosk.Univ.,Fiz.,Astron.,Ser.3","VMUFA;S3",1
"Z.Phys.B","Z.Phys.B","ZPB",1
"Boll.Soc.Espan.Ceram.","Bol.Soc.Espan.Ceram.","BSEC",1
"Phys.Rev.Ser.1","Phys.Rev.Ser.1","PR;1",1
"Phys.Rev.Ser.4","Phys.Rev.Ser.4","PR;4",1
"Proc.7th Intern.Conf.Amorphous and Liquid Semiconductors (Ed.W.E.Spear), Edinburgh","Proc.7th Intern.Conf.Amorph.Liduid Semiconductors, Edinburgh","P7ICALS",1
"Tr.Novocherk.Politekhn.Inst.","Tr.Novocherk.Politekhn.Inst.","TNPI",1
"Zeszyty.Nauk.Akad.Gorn.Hutnic; Ceram.","Zeszyty.Nauk.Akad.Gorn.Hutnic; Ceram.","ZNAGH;C",1
"J.Therm.Anal.","J.Therm.Anal.","JTA",1
"Piroksenovye Sitally, Minsk","Piroksenovye Sitally, Minsk","PS",1
"In: Fiziko-Khimicheskie Svoistva Rastvorov, Leningrad","In: Fiziko-Khimicheskie Svoistva Rastvorov, Leningrad","FKSR",1
"Intern.J.Modern Phys.B.","Intern.J.Modern Phys.B.","IJMPB",1
"J.Inst.Ind.Sci.Univ.Tokyo","J.Inst.Ind.Sci.Univ.Tokyo","JIISUT",1
"J.Phys.:Condens.Matter","J.Phys.:Condens.Matter","JPCM",1
"Mater.Chem.Phys.","Mater.Chem.Phys.","MCP",1
"In: Problemy Razvitiya Metallurgicheskoi Promyshlennosti, Zaporozhje","In: Problemy Razvitiya Metallurg.Prom., Zaporozhje","PRMP",1
"Proc.Symp.Amorph.Mater., Bombay","Proc.Symp.Amorph.Mater., Bombay","PSAM",1
"Rep.Res.Lab.Asahi Glass Co.","Rep.Res.Lab.Asahi Glass Co.","RRLAGC",1
"Vestn.Lvov.Politekh.Inst.","Vestn.Lvov.Politekh.Inst.","VLPI",1
"Boll.Soc.Espan.Ceram.Vidrio (Proc. XVI Intern.Congr.on Glass, Madrid)","Proc. XVI Intern.Congr.on Glass, Madrid","CGXVI",1
"Electronics Lett.","Electronics Letters","EL",1
"Indian J.Pure Appl.Phys.","Indian J.Pure Appl.Phys.","IJPAP",1
"Inorg.Chem.","Inorg.Chem.","IC",1
"Nuclear Instr.Methods","Nuclear Instr.Methods","NIM",1
"Trans.J.Brit.Cer.Soc.","Trans.J.Brit.Cer.Soc.","TJBCS",1
"Metrol.Tochn.Izmer.","Metrol.Tochn.Izmer.","MTI",1
"Z.Instrumentenkd","Z.Instrumentenkd","ZI",1
"Ber.Bunsenges.Phys.Chem.","Ber.Bunsenges.Phys.Chem.","BBPC",1
"Bull.Chem.Soc.Jpn","Bull.Chem.Soc.Jpn","BCSJ",1
"Bull.Kyushu Inst.Technol.Sci.Technol.","Bull.Kyushu Inst.Technol.Sci.Technol.","BKITST",1
"Bull.Mater.Sci.","Bull.Mater.Sci.","BMS",1
"Canad.Mineral.","Canad.Mineral.","CM",1
"Czech.J.Phys.","Czech.J.Phys.","CZJP",1
"Dokl.Akad.Nauk Uz.SSR","Dokl.Akad.Nauk Uz.SSR","DANUZBSSR",1
"Glass-Email-Keramo-Techn.","Glass-Email-Keramo-Techn.","GEKT",1
"J.Chem.Soc.","J.Chem.Soc.","JCS",1
"J.Lightwave Techn.","J.Lightwave Techn.","JLT",1
"J.Mater.Sci.Mater.Electron.","J.Mater.Sci.Mater.Electron.","JMSME",1
"J.Phys.(Paris)","J.Phys.(Paris)","JPP",1
"J.Wash.Acad.","J.Wash.Acad.","JWA",1
"In: Materials Science Research,v.12, Borate Glasses (eds.L.D.Pye, V.D.Frechette, N.J.Kreidl). Plenum Press, N.Y.","In: Materials Science Research,v.12, Borate Glasses","MSR;BG",1
"Pakistan J.Sci.Ind.Res.","Pakistan J.Sci.Ind.Res.","PJSIR",0
"Physics","Physics","P",1
"Proc.Cambridge Phil.Soc.","Proc.Cambridge Phil.Soc.","PCPS",1
"Rev.Roum.Phys.","Rev.Roum.Phys.","RRP",1
"Sci.Ceram.","Sci.Ceram.","SC",1
"Sci.Paper Bur.Stand.","Sci.Paper Bur.Stand.","SPBS",1
"In: Sintez stekol i Silikatnykh Materialov, Minsk","In: Sintez stekol i Silikatnykh Materialov, Minsk","SINSSM",1
"Solid State Ionics","Solid State Ionics","SSI",1
"Tr.Inst.Goskom.Stand.Mer Izmerit.Pribor.SSSR","Tr.Inst.Goskom.Stand.Mer Izmerit.Pribor.SSSR","TIGSM",1
"Uch.Zap.Latv.Gos.Univ.","Uch.Zap.Latv.Gos.Univ.","UZLGU",1
"Z.Phys.","Z.Phys.","ZPH",1
"Arkiv for Kemi","Arkiv for Kemi","AK",1
"Ceram.Intern.","Ceram.Intern.","CI",1
"Ceramikkusu","Ceramikkusu","CER",1
"In: Physics of Non-Crystalline Solids (ed.G.H.Frischat), Trans Tech, Aedermannsdorf","In: Physics of Non-Crystalline Solids, Aedermannsdorf","PNCSTT",1
"God.Vissh.Khim.Tekhnol.Inst., Sofia","God.Vissh.Khim.Tekhnol.Inst., Sofia","GVKTIS",1
"Hutnik","Hutnik","H",1
"Intern.J.Electronics","Intern.J.Electronics","IJE",1
"Intern.J.Thermophys.","Intern.J.Thermophys.","IJTH",1
"Izv.Sib.Otd.Akad.Nauk SSSR, Otd.Khim.Nauk","Izv.Sib.Otd.Akad.Nauk SSSR, Otd.Khim.Nauk","ISOANSSSR;OKN",1
"J.Power Sources","J.Power Sources","JPS",1
"Key Eng.Mater.","Key Eng.Mater.","KEM",1
"Mater.Constr.","Mater.Constr.","MC",1
"In: Nauchn.Techn.Sb.Nauchno-Issl.Inst.Elektrovak.Stekla","In: Nauchn.Techn.Sb.Nauchno-Issl.Inst.Elektrovak.Stekla","NTSNIIES",1
"In: Nauchn.Tr.Vyssh.Uchebn.Zaved.Lit.SSR, Khim.Tekhnol.","In: Nauchn.Tr.Vyssh.Uchebn.Zaved.Lit.SSR, Khim.Tekhnol.","NTVUZLSSR;KT",1
"Radiotekhnika i Elektronika","Radiotekhnika i Elektronika","RE",1
"RCA Review","RCA Review","RCAR",1
"In: Reactivity of Solids (eds J.W.Mitchell, R.C.DeVries, R.W.Roberts, and P.Cannon) Wiley-Interscience, New York","In: Reactivity of Solids, New York","RS",1
"Studia Univ.Babes-Bolyai, ser.Phys.","Studia Univ.Babes-Bolyai, ser.Phys.","SUBB;P",1
"Teor.Metallurg.Prots.,Moskva","Teor.Metallurg.Prots.,Moskva","TMP",1
"Tr.Inst.Khim.Ural.Nauchn.Tsentra Akad.Nauk SSSR","Tr.Inst.Khim.Ural.Nauchn.Tsentra Akad.Nauk SSSR","TIKUNTANSSSR",1
"Uch.Zap.Leningr.Univ., ser.Khim.Nauk","Uch.Zap.Leningr.Univ., ser.Khim.Nauk","UZLU;KN",1
"US Bur.Mines,Rep.Invest.","US Bur.Mines,Rep.Invest.","USBM;RI",1
"Vitreous Enameller","Vitreous Enameller","VE",1
"Zh.Prikl.Spectr.","Zh.Prikl.Spectr.","ZPS",1
"Acta Chim.Acad.Sci.Hungar.","Acta Chim.Acad.Sci.Hungar.","ACASH",1
"In: Collect.Pap. XIVth Intern.Congr. on Glass, New Delhi","In: Collect.Pap. XIVth Intern.Congr. on Glass, New Delhi","CGXIV",1
"Issledovanie Sistemy LiâO-AlâOã-BâOã-SiOâ v Stekloobraznom Sostoyanii, Minsk","Issled.Sist.LiâO-AlâOã-BâOã-SiOâ v Stekl.Sost., Minsk","ISSS",1
"J.Ceram.Soc.Jpn.Intern.Ed.","J.Ceram.Soc.Jpn.Intern.Ed.","JCSJIE",1
"J.Europ.Ceram.Soc.","J.Europ.Ceram.Soc.","JECS",1
"Manuscript received by SciVision","Manuscript received by SciVision","MRSV",1
"Mater.Res.Soc.Symp.Proc.","Mater.Res.Soc.Symp.Proc.","MRSSP",1
"Mitsubishi Denki Lab.Rep","Mitsubishi Denki Lab.Rep","MDLR",1
"Ceramica","Ceramica","C",1
"Chimika Chron.New Ser.","Chimika Chron.New Ser.","CC;NS",1
"Izv.Khim.Bulg.Akad.Nauk","Izv.Khim.Bulg.Akad.Nauk","IKBAN",1
"In: Science and Technology of New Glasses, eds S.Sakka and N.Soga, Tokyo","In: Science and Technology of New Glasses, Tokyo","STNG",1
"In: Bezbornye Besshchelochnye i Maloshchelochnye Stekloobraznye Sistemy i Novye Stekla na ikh Osnove, Moskva","In: Bezbornye Stekloobraznye Sistemy i Novye Stekla","BBMSS",1
"Comm.Dept Chem.,Bulg.Acad.Sci.","Comm.Dept Chem.,Bulg.Acad.Sci.","CDC;BAS",1
"J.Jpn Soc.Dental Appar.Mater.","J.Jpn Soc.Dental Appar.Mater.","JJSDAM",1
"J.Polymer Sci.","J.Polymer Sci.","JPOL",1
"Silicat J.","Silicat J.","SJ",1
"Azerb.Khim.Zh.","Azerb.Khim.Zh.","AZKZ",1
"In: Issledovanie Teplofizicheskikh Svoistv Rasvorov i Rasplavov, Novosibirsk","In: Issled.Teplofiz.Svoistv Rasvorov i Rasplavov, Novosibirsk","ITSRR",1
"J.Solid State Chem.","J.Solid State Chem.","JSSC",1
"In: Khimiya i Tekhnologiya Vanadievykh Soedinenii, Perm","In: Khimiya i Tekhnologiya Vanadievykh Soedinenii, Perm","KTVS",1
"Proc.Phys.Soc.London","Proc.Phys.Soc.London","PPS",1
"Research","Research","RES",1
"Rev.Roum.Chim.","Rev.Roum.Chim.","RRC",1
"Bull.Comm.Geol. Finland","Bull.Comm.Geol. Finland","BCGF",1
"Canad.Met.Quart.","Canad.Met.Quart.","CMQ",1
"Ceram.Silicaty","Ceram.Silicaty","CSIL",1
"Disc.Faraday Soc.","Disc.Faraday Soc.","DFS",1
"Nd-Doped Laser Glass Spectroscopic and Physical Properties. Lawrence Livermore Nat.Lab., California","Nd-Doped Laser Glass, Livermore Nat.Lab., California","LGSPP",1
"Proc.4th Intern.Conf.on Molten Slags and Fluxes, Iron and Steel Inst.Jpn","Proc.4th Intern.Conf.on Molten Slags and Fluxes, Jpn","PMSF",1
"Tr.Nauch.-Issled.Inst. po Udobreniyam i Insektofungitsidam","Tr.Nauch.-Issled.Inst. po Udobreniyam i Insektofungitsidam","TNIIUI",1
"Tsirkonievo-Barievye Stekla, Minsk","Tsirkonievo-Barievye Stekla, Minsk","TBSM",1
"Acta Chem.Scand.","Acta Chem.Scand.","ACS",1
"Austr.J.Phys.","Austr.J.Phys.","AJP",1
"Ber.Dtsch.Chem.Ges.","Ber.Dtsch.Chem.Ges.","BDCG",1
"Compt.Rend.Symp.Fusion du Verre, Bruxelles","Compt.Rend.Symp.Fusion du Verre, Bruxelles","CRSFV",1
"In: Fizicheskaya Khimiya i Elektrokhimiya Ionnykh Rasplavov i Elektrolitov,Sverdlovsk","In: Fiz.Khim. i Elektokhim.Ionnykh Rasplavov,Sverdlovsk","FKEIRE",1
"In: Fiziko-Khimicheskie Osnovy Metallurgicheskikh Protsessov, Moskva","In: Fiz.-Khim.Osnovy Metallurgicheskikh Protsessov, Moskva","FKOMP",1
"J.Inorg.Nucl.Chem.","J.Inorg.Nucl.Chem.","JINC",1
"J.Mining Inst.Kyushu","J.Mining Inst.Kyushu","JMIK",1
"Mem.Coll.Eng.Chubu Univ.","Mem.Coll.Eng.Chubu Univ.","MCECU",1
"In: Nauchn.Tr.Kursk.Gos.Pedag.Inst.","In: Nauchn.Tr.Kursk.Gos.Pedag.Inst.","NTKGPI",1
"Nauchno-Issled.Tr.Inst.Steklyannogo Volokna","Nauchno-Issled.Tr.Inst.Steklyannogo Volokna","NIT",1
"Pr.Nauk.Akad.Ekon.im.Oskara Langeyo Wroclawin","Pr.Nauk.Akad.Ekon.im.Oskara Langeyo Wroclawin","PNAE",1
"Technol.Rep.Kyushu Univ.","Technol.Rep.Kyushu Univ.","TRKYU",1
"Trans.Jpn Inst.Metals","Trans.Jpn Inst.Metals","TJIM",1
"Z.Phys.Chem, Neue Folge","Z.Phys.Chem, Neue Folge","ZPC;NF",1
"Bull.Osaka Ind.Res.Inst.","Bull.Osaka Ind.Res.Inst.","BOIRI",1
"Izv.Akad.Nauk Bel.SSR,ser.Fiz.-Mat.Nauk","Izv.Akad.Nauk Bel.SSR,ser.Fiz.-Mat.Nauk","IANBSSR;FMN",1
"In: Advances in Nucleation and Crystallization in Glasses (eds L.L.Hench and S.W.Freiman), American Ceramic Soc., Columbus","In: Advances in Nucleation and Crystallization in Glasses","ANCG",1
"In: Inform.-Tekhn.Sbornik Tsentr.Nauchno-Issled.Labor.Elektrotekhn.Stekla","In: Inform.-Tekhn.Sbornik Labor.Elektrotekhn.Stekla","ITSTN",1
"In: Issledovanie Shlakovykh Rasplavov, Sverdlovsk","In: Issledovanie Shlakovykh Rasplavov, Sverdlovsk","ISR",1
"J.Iron Steel Inst.","J.Iron Steel Inst.","JISI",1
"Mater.Chem.","Mater.Chem.","MCH",1
"In: Tezisy Dokladov VIII Vses.Soveshch.po Stekloobraznomu Sostoyaniyu, Leningrad","In: Tezisy Dokladov VIII Vses.Soveshch.po Stekloobr.Sostoyaniyu","TDV",1
"In: Tezisy IV Simp.po Elektricheskim Svoistvam i Stroeniyu Stekla,Erevan","In: Tez.IV Simp.po Elektrich.Svoistvam i Stroeniyu Stekla, Erevan","TSES",1
"In: Poverkhnostnye Yavleniya v Rasplavakh i Voznikayushchikh iz nikh Tverdykh Fazakh, Nalchik","In: Poverkhn.Yavl. v Raspl. i Tverdykh Fazakh, Nalchik","PYRV",0
"Glastech.Ber.,Glass Sci.Technol.","Glastech.Ber.,Glass Sci.Technol.","GBGST",0
"Kolloid.Zh.","Kolloid.Z.","KZH",0
"Indian J.Technol.","Indian J.Technol.","IJT",0
"Keram.Rundschau","Keram.Rundschau","KR",0
"Pr.Nauk.Univ.Slavski Katowice","Pr.Nauk.Univ.Slavski Katowice","PNUSK",0
"In: Spravochnik po Proizvodstvu Stekla, Moskva","In: Spravochnik po Proizvodstvu Stekla, Moskva","SPS",0
"Z.anal.Chem.","Z.anal.Chem.","ZAC",0
"In: 1er Congreco Iberoamericano de Ceramica, Vidrio y Refractorios, Torremolinos","In: 1er Congreco Iberoamericano de Ceramica y Vidrio","CIC1",0
"Acta Physica Polonica A","Acta Physica Polonica A","APPA",0
"In: Amorphous Semiconductors`82, Bucharest","In: Amorphous Semiconductors`82, Bucharest","AS82",0
"In: Amorphous Semiconductors`84, Gabrovo","In: Amorphous Semiconductors`84, Gabrovo","AS84",0
"Avtomatich.Svarka","Avtomatich.Svarka","AS",0
"In: Elektrokhromnyi Effekt, Syktyvkar","In: Elektrokhromnyi Effekt, Syktyvkar","EE",0
"Electronika","Electronika","E",0
"Khrustalnye, Tsvetnye i Opalovye Stekla, Moskva","Khrustalnye, Tsvetnye i Opalovye Stekla, Moskva","KTOS",0
"Mater.Sci.Forum","Mater.Sci.Forum","MSF",0
"Mem.Fac.Eng.Yamaguchi Univ.","Mem.Fac.Eng.Yamaguchi Univ.","MFEYU",0
"Rev.Cien.Aplicada","Rev.Cien.Aplicada","RCA",0
"Tr.Inst.Metall.im.Baikova, Moskva","Tr.Inst.Metall.im.Baikova, Moskva","TIMM",0
"In: Voprosy Primeneniya Redkikh Metallov v Silikatnoi Promyshlennosti, Minsk","In: Vopr.Primeneniya Redk.Metallov v Silikatnoi Prom., Minsk","VPRMSP",0
"Elektricheskie Svoistva Neorganicheskikh Dielektrikov v Diapazone SVCh, Moskva","Elektricheskie Svoistva Neorganicheskikh Dielektrikov","ESND",0
"In: Elektricheskie Svoistva Fosfatnykh Stekol, Erevan","In: Elektricheskie Svoistva Fosfatnykh Stekol, Erevan","ESFS",0
"Phys.Chem.Minerals","Phys.Chem.Minerals","PCM",0
"In: Recent Adv.in Sci.and Technol.of Materials (ed.A.Bishay) Plenum, NY","In: Recent Adv.in Sci.and Technol.of Materials, New York","RASTM",0
"Teplofiz.Svoistva Zhidkostei","Teplofiz.Svoistva Zhidkostei","TSZ",0
"In: Tezisy VII Vses.Konf. ""Fizicheskaya Khimiya i Elektrokhimiya Rasplavlennykh i Tverdykh Elektrolitov"", Sverdlovsk","In: Tez.VII Vses.Konf. ""Fiz.Khim. i Elektrochim.Electrolitov""","TVKFK",0
"Chem.Lett.(Chem.Soc.Jpn)","Chem.Lett.(Chem.Soc.Jpn)","CL",0
"J.Chem.Soc., Faraday Trans.1","J.Chem.Soc., Faraday Trans.1","JCSFT1",0
"Phase Transitions","Phase Transitions","PT",0
"Proc.12th Rare Earth Research Conf., Vail Colorado","Proc.12th Rare Earth Research Conf., Vail Colorado","P12RERC",0
"Rev.Phys.Appl.","Rev.Phys.Appl.","RPA",0
"In: Symposium on Nucleation and Crystallization in Glasses and Melts (ed.M.K.Reser), Am.Ceram.Soc., Columbus","In: Symp. on Nucleation and Cryst.in Glasses and Melts","SNCGM",0
"Acta Phys.Sinica","Acta Phys.Sinica","APS",0
"Bull.Chin.Silic.Soc.","Bull.Chin.Silic.Soc.","BCSS",0
"Bull.Soc.Chim.Belgique","Bull.Soc.Chim.Belgique","BSCB",0
"Chem.News","Chem.News","CNW",0
"Chem.Ztg","Chem.Ztg","CZ",0
"Chemie et Industrie","Chemie et Industrie","CIND",0
"In: Fiziko-Khimicheskie Osnovy Tekhnologii Zharostoikikh Neorganicheskikh Materialov, Kemerovo","In: Fiz.-Khim.Osnovy Tekhnologii Neorg.Mater., Kemerovo","FKOTZ",0
"Inorganic Glass-Forming Systems, Acad.Press, London","Inorganic Glass-Forming Systems, Acad.Press, London","IGFS",0
"J.Phys.(Paris),Colloq.C10,suppl.12","J.Phys.(Paris),Colloq.C10,suppl.12","JP;C10;S12",0
"In: Materialy Elektronnoi Tekhniki, Dnepropetrovsk","In: Materialy Electronnoi Tekhniki, Dnepropetrovsk","MET",0
"In: Physics of Amorphous Materials (eds Al.Nicula and S.Simon), Cluj-Napoca, Romania","In: Physics of Amorphous Materials, Cluj-Napoca, Romania","PAM",0
"In: Proizvodstvo Tekhnicheskogo i Stroitelnogo Stekla, Saratov","In: Proizvodstvo Tekhnicheskogo i Stroitelnogo Stekla, Saratov","PTSS",0
"Sprechsaal","Sprechsaal","SPR",0
"The Kinetics of Crystallization of Molten Binary and Ternary Oxide Systems and their Application to the Origination of High Modulus Glass Fibers (prepared for NASA), United Aircraft Research Laboratories, East Hartford, Connecticut","The Kinetics of Cryst. of Molten Oxide Systems (NASA)","KCMOS",0
"Verh.Ver.Beforderung Gewerbefleisses","Verh.Ver.Beforderung Gewerbefleisses","VV",0
"Z.angew.Chem.","Z.angew.Chem.","ZANC",0
"Zh.Vses.Khim.Obshch.im.Mendeleeva","Zh.Vses.Khim.Obshch.im.Mendeleeva","ZVKO",0
"In: Fast Ion Transport in Solids Electrodes and Electrolytes (eds P.Vashita, J.N.Mundy, and G.K.Shenoy), North-Holland, Amsterdam","In: Fast Ion Transport in Solids Electrodes and Electrolytes","FITSEE",0
"Ferroelectrics","Ferroelectrics","F",0
"J.Appl.Electrochem.","J.Appl.Electrochem.","JAE",0
"J.Korean Ceram.Soc.","J.Korean Ceram.Soc.","JKCRS",0
"J.Mater.Res.","J.Mater.Res.","JMR",0
"Korean J.Ceram.","Korean J.Ceram.","KJC",0
"Physica B","Physica B","PB",0
"In: Physics of Non-Crystalline Solids (ed.L.D.Pye, W.C.LaCourse, and H.J.Stevens), Taylor-Francis, London","In: Physics of Non-Crystalline Solids, London","PNCSL",0
"Proc.2nd Intern.Conf.on Conduction in Low-Mobility Materials, Eilat, Israel","Proc.2nd Intern.Conf.on Conduct.in Low-Mobil.Mater., Israel","PCLMM",0
"Uch.Zap.Kazanskogo Pedagog.Inst.","Uch.Zap.Kazanskogo Pedagog.Inst.","UZKPI",0
"In: Amorphous Semiconductors`76 (ed. I.Kosa Somogyi), Akademiai Kiado, Budapest","In: Amorphous Semiconductors`76, Budapest","AS76",0
"Chem.Exp.","Chem.Exp.","CE",0
"In: Issledovaniya v Oblasti Khimicheskoi Tekhnologii Proizvodstva Stekla i Stekloizdelii, Moskva","In: Issled. v Oblasti Khim.Tekhnol.Proizv.Stekla, Moskva","IOKTPSS",0
"Thin Solid Films","Thin Solid Films","TSF",0
"C.R.Acad.Sci.,Ser.B","C.R.Acad.Sci.,Ser.B","CRAS;B",0
"In: Issledovaniya v Oblasti Proizvodstva Steklyannogo Volokna i Stekloplastikov, Moskva","In: Issled. v Oblasti Stekla i Stekloplastikov, Moskva","IOPSVS",0
"J.Molec.Struc.","J.Molec.Struc.","JMOLS",0
"Mater.Lett.","Mater.Lett.","ML",0
"Philos.Mag.","Philos.Mag.","PM",0
"Seramikkusu","Seramikkusu","SER",0
"Zeszyty.Nauk.Politechn.Gdansk","Zeszyty.Nauk.Politechn.Gdansk","ZNPG",0
"In: Fizicheskie i Fiziko-Mekhanicheskie Issledovaniya Steklovoloknistykh Materialov i Stekloplastikov, Moskva","In: Fizicheskie i Fiziko-Mekhanicheskie Issledovaniya","FFMISMS",0
"In: Khimiya i Tekhnologiya Stekla i Sitallov, Moskva","In: Khimiya i Tekhnologiya Stekla i Sitallov, Moskva","KTSS",0
"Ceram.Industry","Ceram.Industry","CIN",0
"J.Phys.Soc.Jpn","J.Phys.Soc.Jpn","JPSJ",0
"Catalog of Glass Bulbs Limited and Glass Tubes and Components Limited","Catalog of Glass Bulbs Limited","CGBL",0
"Atti III Congresso Intern.del Vetro, Roma","Atti III Congresso Intern.del Vetro, Roma","CGIII",0
"Vestnik","Vestnik","V",0
"Carnegie Inst.Washington, Year Book","Carnegie Inst.Washington, Year Book","CIWYB",0
"Elektricheskie Stantsii","Elektricheskie Stantsii","ES",0
"Elektron.Tekh., Ser.8, Radiodetali","Elektron.Tekh., Ser.8, Radiodetali","ET;S8",0
"Elektron.Tekh., Ser.14, Materialy","Elektron.Tekh., Ser.14, Materialy","ET;S14",0
"Eur.J.Solid State Inorg.Chem.","Eur.J.Solid State Inorg.Chem.","EJSSIC",0
"Fiz.Tekhn.Vysok.Davl.","Fiz.Tekhn.Vysok.Davl.","FTVD",0
"Intern.J.Infr.Millim.Waves","Intern.J.Infr.Millim.Waves","IJIMW",0
"In: Issledovanie Khimicheski Chistykh Stekol, Volokon i Materialov na Ikh Osnove, Moskva","In: Issledovanie Khimicheski Ustoichivykh Stekol, Moskva","IKUSVM",0
"In: Issledovaniya v Oblasti Sinteza i Proizvodstva Novykh Stekol i Sitallov, Moskva","In: Issled. v Oblasti Novykh Stekol i Sitallov, Moskva","IOSPNSS",0
"J.Alloys Compounds","J.Alloys Compounds","JAC",0
"J.Chin.Ceram.Soc.","J.Chin.Ceram.Soc.","JChCS",0
"J.Luminescence","J.Luminescence","JL",0
"J.Magn.Magn.Mater.","J.Magn.Magn.Mater.","JMMM",0
"J.Royal Techn.Coll.,Glasgow","J.Royal Techn.Coll.,Glasgow","JRTC",0
"In: Khimiya i Tekhnologiya Silikatnykh i Tugoplavkikh Nemetallicheskikh Materialov, Leningrad","In: Khim. i Tekhnol.Silikatnykh Mater., Leningrad","KTSTN",0
"In: Materials Science Research,v.5, Ceramics in Severe Environments (eds W.W.Kriegel and H.Palmour III), Plenum Press, N.Y.","In: Materials Science Research,v.5, Ceramics","MSR;CSE",0
"In: Novye Neorganicheskie Stekla,Riga","In: Novye Neorganicheskie Stekla,Riga","NNS",0
"Opticheskoe Steklo.Mashpriborintorg,Moskva","Opticheskoe Steklo.Mashpriborintorg,Moskva","OS",0
"Proc.2nd Intern.Conf.Fundamentals of Glass Science and Technology, Venice","Proc.2nd Intern.Conf.Fundam.Glass Sci.Technology","FGST2",0
"Proc.4th Intern.Conf.Fundamentals of Glass Science and Technology, Sweden","Proc.4th Intern.Conf.Fundam.Glass Sci.Technology","FGST4",0
"Proc.Intern.Symp.on Glass Problems,Istanbul","Proc.Intern.Symp.on Glass Problems,Istanbul","PISGP",0
"In: Reactivity of Solids (eds J.Wood, O.Lindqvist, C.Helgesson, and N.G.Vannerberg) Plenum Press, NY","In: Reactivity of Solids, Plenum Press, NY","RSNY",0
"Revista Chim.","Revista Chim.","RCh",0
"In: Soveshchanie po Vyazkosti Zhidkostei i Kolloidnykh Rastvorov, Moskva","In: Soveshch. po Vyazkosti Zhidkostei i Kolloidn.Rastv., Moskva","SVZKR",0
"In: Tezisy Dokladov VI Vses.Soveshch.po Stekloobraznomu Sostoyaniyu, Leningrad","In: Tezisy Dokladov VI Vses.Soveshch.po Stekloobr.Sostoyaniyu","TDVS",0
"In: Tezisy III Vses.Simp.po Elektricheskim Svoistvam i Stroeniyu Stekla,Erevan","In: Tez.III Simp.po Elektrich.Svoistvam i Stroeniyu Stekla,Erevan","TSESS",0
"Tr.Sibirsk.Fiz.Tekhn.Inst.,Tomsk","Tr.Sibirsk.Fiz.Tekhn.Inst.,Tomsk","TSFTI",0
"In: Tr. I Soveshch.Rabotnikov Stekolnoi Prom., Minsk","In: Tr. I Soveshch.Rabotnikov Stekolnoi Prom., Minsk","TSRSP",0
"Industr.Usoara","Industr.Usoara","IU",0
"Mem.Sect.Stiint.Acad.Republ.Soc.Romania; Ser.IV","Mem.Sect.Stiint.Acad.Republ.Soc.Romania; Ser.IV","MSS;SIV",0
"Ann.Chim.Fr.","Ann.Chim.Fr.","ACF",0
"Bull.Electrotechn.Lab.","Bull.Electrotechn.Lab.","BEL",0
"Am.Ceram.Soc., Sympos.Ser.","Am.Ceram.Soc., Sympos.Ser.","ACSS",0
"In: Symposium uber das Farbglas, Praga","In: Symposium uber das Farbglas, Praga","SF",0
"Acta Metallurgica","Acta Metallurgica","ACMT",0
"Archiv Eisenhuttenwesen","Archiv Eisenhuttenwesen","AE",0
"Bull.Inst.Chim.Phys.Acad.Bulg.Sci.","Bull.Inst.Chim.Phys.Acad.Bulg.Sci.","BICP",0
"Kristall und Technik","Kristall und Technik","KRT",0
"In: Vopr.Khim.Khim.Tekhnol.,Kiev","In: Vopr.Khim.Khim.Tekhnol.,Kiev","VKTK",0
"In: Issledovaniya po Khimii,Tekhnologii i Primeneniyu Padioaktivnykh Veshchestv, Leningrad","In: Issledovaniya Radioaktivnykh Veshchestv, Leningrad","IKTP",0
"In: Tezisy IV Vses.Konf. ""Fiziko-Khimicheskoe Issledovanie Fosfatov"", Minsk","In: Tezisy IV Vses.Konf. ""Fiziko-Khim. Fosfatov"", Minsk","FKIF",0
"Latvijas Kim.Zurn.","Latvijas Kim.Zurn.","LKZ",0
"Angew.Chem.","Angew.Chem.","AC",0
"Boratnye Stekla. Minsk","Boratnye Stekla. Minsk","BSM",0
"Borno-Litievye Stekla, Minsk","Borno-Litievye Stekla. Minsk","BLS",0
"Krashenie i Glushenie Stekla, Moskva","Krashenie i Glushenie Stekla, Moskva","KGS",0
"Chem.Prumysl","Chem.Prumysl","CPR",0
"In: Silikaty, Moskva","In: Silikaty, Moskva","SILM",0
"Acustica","Acustica","A",0
"Vysokochistye Veshchestva","Vysokochistye Veshchestva","VVE",0
"In: Mekhanizmy Relaksatsionnykh Yavlenii v Tverdykh Telakh, Kaunas","In: Mekhanizmy Relaksatsionnykh Yavlenii, Kaunas","MRYTT",0
"Proc.2nd Intern.Conf.on Borate Glasses, Crystals and Melts (eds A.C.Wright,S.A.Feller, and A.C.Hannon), Sheffield","Proc.2nd Intern.Conf.on Borate Glasses, Crystals and Melts","BGCM",0
"Z.techn.Physik","Z.techn.Physik","ZFTP",0
"Eur.J.Mineral.","Eur.J.Mineral.","EJM",0
"Mikrotverdost Khrupkikh Opticheskikh Materialov, Tashkent","Mikrotverdost Khrupkikh Opticheskikh Materialov, Tashkent","MKOM",0
"Sci.Rep.Res.Inst.Tohoku Univ.,Ser.A","Sci.Rep.Res.Inst.Tohoku Univ.,Ser.A","SRRITU;A",0
"In: Progress in Very High Pressure Research (eds F.P.Bundy, W.R.Hibbard, and H.M.Strong), Wiley, New York","In: Progress in Very High Pressure Research, New York","PVHPR",0
"Ceramika","Ceramika","CK",0
"Proc.Symp.on Management of Radioactive Wastes from Nuclear Fuel Cycle, Vienna","Proc.Symp.on Management of Radioactive Wastes, Vienna","PSMRC",0
"Physica C","Physica C","PhC",0
"Proc.3nd Intern.Conf.Fundamentals of Glass Science and Technology, Wurzburg","Proc.3rd Intern.Conf.Fundam.Glass Sci.Technology","FGST3",0
"Appl.Phys.A","Appl.Phys.A","APA",0
"Proc.11th Conf.on Glass and Ceramics, Acad.Publ.House, Sofia","Proc.11th Conf.on Glass and Ceramics, Acad.Publ.House, Sofia","P11CGC",0
"Proc.12th Conf.on Glass and Ceramics, Sci.Invest Publ.House, Sofia","Proc.12th Conf.on Glass and Ceramics, Sofia","P12CGC",0
"Elektrotekhn.Prom.,Ser.Elektrotermiya","Elektrotekhn.Prom.,Ser.Elektrotermiya","EPE",0
"High Temp.High Press.","High Temp.High Press.","HTHP",0
"Chem.Ingen.Techn.","Chem.Ingen.Techn.","CIT",0
"Proc.4th Intern.Conf.on Phonon Scatter.Condensed Matter, Berlin","Proc.4th Intern.Conf.on Phonon Scatter.Condensed Matter, Berlin","PSCM",0
"Proc.AIP Conf.on Shock Waves in Condensed Matter, Menlo Park","Proc.AIP Conf.on Shock Waves in Condensed Matter, Menlo Park","AIPSWCM",0
"Ceramurgia","Ceramurgia","CERAM",0
"Proc.Intern.Conf.on Phonon Scatter.in Solids, Paris","Proc.Intern.Conf.on Phonon Scatter.in Solids, Paris","PSS",0
"Experim.Techn.Phys.","Experim.Techn.Phys.","ETP",0
"J.Phys.(Paris),Colloq.C5,suppl.8","J.Phys.(Paris),Colloq.C5,suppl.8","JP;C5;S8",0
"In: Reactivity of Solids (eds J.S.Anderson, M.W.Roberts, and F.S.Stone) Chapman and Hall, London","In: Reactivity of Solids, London","RSL",0
"Prochnost i Razrushenie Stekla, Nauka, Leningrad","Prochnost i Razrushenie Stekla, Nauka, Leningrad","PRS",0
"Fused Quartz Products, Cleveland, Ohio","Fused Quartz Products, Cleveland, Ohio","FQP",0
"Quartz Glass and Silica Glass, Tokyo","Quartz Glass and Silica Glass, Tokyo","QGSG",0
"Quartz-82, Tokyo","Quartz-82, Tokyo","QT",0
"Treatise Mater.Sci.Technol.","Treatise Mater.Sci.Technol.","TMST",0
"In: Advances in Ceramics, vol.4: Nucleation and Crystallization in Glasses (eds J.M.Simmons, D.R.Uhlmann, and G.H.Beall),Am.Ceram.Soc.,Columbus,Ohio","In: Advances in Ceramics, vol.4: Nucleation and Crystallization","ADVC",0
"Sci.Bull.,Acad.Sinica","Sci.Bull.,Acad.Sinica","SBAS",0
"In: The Rare Earth in Modern Science and Technology (eds G.J.McCarthy and J.J.Rhyne) Plenum,N.Y.","In: The Rare Earth in Modern Science and Technology, New York","REMST",0
"Ceram.Trans.","Ceram.Trans.","CT",0
"Glass-Ceramics, Acad.Press,London and New York","Glass-Ceramics, Acad.Press,London and New York","GC",0
"Inform.Prehled SVUS, Hradec Kralove","Inform.Prehled SVUS, Hradec Kralove","IPHK",0
"In: XIIIth Silikonf, Budapest","In: XIIIth Siliconf, Budapest","XIIISIL",0
"In: Materialy Konf.Molodykh Uchenykh i Spetsialistov, Akad.Nauk ArmSSR, Erevan","In: Materialy Konf.Molodykh Uchenykh, Erevan","MKMU",0
"Bull.Soc.Franc.Ceram.","Bull.Soc.Franc.Ceram.","BSFC",0
"Fizika Goreniya i Vzryva","Fizika Goreniya i Vzryva","FGV",0
"Industr.Eng.Chem.","Industr.Eng.Chem.","IEC",0
"In: Teplofizicheskie Svoistva Tverdykh Tel, Kiev","In: Teplofizicheskie Svoistva Tverdykh Tel, Kiev","TSTT",0
"In: Steklo, Sitally i Silikaty, Minsk","In: Steklo, Sitally i Silikaty, Minsk","SSS",0
"Proc.XVIIIth Intern.Congr.on Glass CD-ROM, San Francisco","Proc.XVIIIth Intern.Congr.on Glass CD-ROM, San Francisco","CGXVIII",0
"Phys.Soc.London","Phys.Soc.London","PSL",0
"In: Tezisy Vses.Sov.""Primenenie Ogneupornykh Materialov v Tekhnike"", Leningrad","In: Tezisy Vses.Sov.""Primen.Ogneuporn Mater.v Tekhnike""","TVSO",0
"Rasplavy","Rasplavy","R",0
"In: Kinetika i Mekhanizm Kristallizatsii, Minsk","In: Kinetika i Mekhanizm Kristallizatsii, Minsk","KMK",0
"Science","Science","SCI",0
"Bull.Res.Inst.Miner.Dress.Metall.Tohoku Univ.","Bull.Res.Inst.Miner.Dress.Metall.Tohoku Univ.","BRIM",0
"In: Elektronika Bolshikh Moshchnostei, Moskva","In: Elektronika Bolshikh Moshchnostei, Moskva","EBM",0
"In: XIVth Siliconf, Budapest","In: XIVth Siliconf, Budapest","XIVSIL",0
"Proc.1st Intern.Conf.Fundamentals of Glass Manufacturing Process, Sheffield","Proc.1st Intern.Conf.Fundam.of Glass Manuf.Proc.","FGMP",0
"J.Indian Chem.Soc.","J.Indian Chem.Soc.","JICS",0
"Nesmeshivayushchiesya Rasplavy i Stekla, Tashkent","Nesmeshivayushchiesya Rasplavy i Stekla, Tashkent","NRS",0
"In: Novye Legkoplavkie Glazuri, Emali i Fosforsoderzhashchie Stekla, Riga","In: Novye Legkoplavkie Glazuri, Emali i Stekla, Riga","NLGE",0
"Nuclear Technol.","Nuclear Technol.","NT",0
"Bull.Geol.Soc.Am.","Bull.Geol.Soc.Am.","BGSA",0
"Nuovo Cimento","Nuovo Cimento","NC",0
"In: Fizicheskaya Khimiya i Elektrokhimiya Rasplavlennykh Solei i Shlakov, Kiev","In: Fiz.Khim. i Elektokhim.Raspl.Solei i Shlakov, Kiev","FKERSS",0
"In: Nauchn.Tr.Kazakh.Politekhn.Inst.","In: Nauchn.Tr.Kazakh.Politekhn.Inst.","NTKPI",0
"In: Vosstanovlenie i Rafinirovanie Zheleza, Moskva","In: Vosstanovlenie i Rafinirovanie Zheleza, Moskva","VRZ",0
"Metallurg","Metallurg","MTL",0
"Z.angew.Physik","Z.angew.Physik","ZAP",0
"Stal","Stal","STL",0
"In: Tr.Soveshch.po Eksperimentalnoi Tekhnike i Metodam Vysokotemperaturnykh Issledovanii, Moskva","In: Tr.Soveshch.po Metodam Vysokotemp.Issled., Moskva","TSET",0
"Sostav, Struktura i Vyazkost Gomogennykh Silikatnykh i Alyumosilikatnykh Rasplavov, Alma-Ata","Sostav, Struktura i Vyazkost Gomogennykh Rasplavov, Alma-Ata","SSVG",0
"Izv.Akad.Nauk SSSR, Otd.Tekhn.Nauk","Izv.Akad.Nauk SSSR, Otd.Tekhn.Nauk","IANSSSR;OTN",0
"Stahl und Eisen","Stahl und Eisen","SE",0
"Cahiers Phys.","Cahiers Phys.","CPH",0
"In: Problemy Kamennogo Litiya, Kiev","In: Problemy Kamennogo Litiya, Kiev","PKL",0
"In: Eksperimentalnaya Tekhnika i Metody Issledovanii pri Vysokikh Temperaturakh, Moskva","In: Eksperimentalnaya Tekhnika i Metody Issledovanii","ETM",0
"In: Fizicheskaya Khimiya Poverkhnostnykh Yavlenii v Rasplavakh, Kiev","In: Fiz.Khim.Poverkhn.Yavlenii v Rasplavakh, Kiev","FKPYR",0
"In: Fizicheskaya Khimiya Poverkhnostnykh Yavlenii pri Vysokikh Temperaturakh, Kiev","In: Fiz.Khim.Poverkhn.Yavlenii pri Vys.Temp., Kiev","FKPYVT",0
"Trans.Electrochem.Soc.","Trans.Electrochem.Soc.","TES",0
"In: Fiziko-Khimicheskie Issledovaniya Metallurgicheskikh Protsessov, Sverdlovsk","In: Fiziko-Khim.Issled.Metallurg.Protsessov, Sverdlovsk","FKIMP",0
"Tsvetnye Metally","Tsvetnye Metally","TSM",0
"US Bur.Mines,Bull.","US Bur.Mines,Bull.","USBM;B",0
"Zavodskaya Lab.","Zavodskaya Lab.","ZL",0
"Glastech.Tagung,Deutsche Glastech.Ges.","Glastech.Tagung,Deutsche Glastech.Ges.","GTAG",0
"Titan i Ego Splavy, Moskva","Titan i Ego Splavy, Moskva","TS",0
"Tr.Leningr.Politekhn.Inst.","Tr.Leningr.Politekhn.Inst.","TLPI",0
"Proc.R.Soc.London","Proc.R.Soc.London","PRSL",0
"In: Sb.Nauchn.Tekhn.Trudov NIIMET,Chelyabinsk","In: Sb.Nauchn.Tekhn.Trudov NIIMET,Chelyabinsk","SNTTN",0
"Tr.Uralsk.Politekhn.Inst.","Tr.Uralsk.Politekhn.Inst.","TUPI",0
"Heat Transfer, J.Wiley & Sons, NY","Heat Transfer, J.Wiley & Sons, NY","HT",0
"In: Fizicheskaya Khimiya Poverkhnostni Rasplavov, Tbilisi","In: Fizicheskaya Khimiya Poverkhnostni Rasplavov, Tbilisi","FKPR",0
"Toshiba Rev.","Toshiba Rev.","TR",0
"Hutnicke Listy","Hutnicke Listy","HL",0
"Metallurg.Gornorud.Prom.","Metallurg.Gornorud.Prom.","MGP",0
"J.Electrochem.Soc.Jpn","J.Electrochem.Soc.Jpn","JESJ",0
"Glass and Enamel","Glass and Enamel","GE",0
"Modern Phys.Lett.B","Modern Phys.Lett.B","MPLB",0
"Cryogenics","Cryogenics","CRY",0
"J.Sci.Instr.","J.Sci.Instr.","JSI",0
"Electronics","Electronics","ELEC",0
"Izv.Vyssh.Uchebn.Zaved., Priborostr.","Izv.Vyssh.Uchebn.Zaved., Priborostr.","IVUZ;P",0
"Kristallografiya","Kristallografiya","K",0
"In: Diffuzionnye Protsessy v Stekle, Leningrad","In: Diffuzionnye Protsessy v Stekle, Leningrad","DPS",0
"Philos.Trans.R.Soc.London","Philos.Trans.R.Soc.London","PTRS",0
"In: Materials Science Research,v.9, Mass Transport Phenomena in Ceramics (eds A.R.Cooper and A.H.Heuer), Plenum Press, N.Y.","In: Materials Science Research,v.9, Mass Transport","MSR;MTP",0
"Verh.Dtsch.Phys.Ges.","Verh.Dtsch.Phys.Ges.","VDPG",0
"In: Fizicheskaya Khimiya i Elektrokhimiya Rasplavlennykh Solei i Shlakov, Leningrad","In: Fiz.Khim. i Elektokhim.Raspl.Solei i Shlakov, L-d","FKE",0
"Izmer.Tekhn.","Izmer.Tekhn.","IT",0
"J.Nucl.Sci.Technol.","J.Nucl.Sci.Technol.","JNST",0
"Ceram.Eng.Sci.Proc.","Ceram.Eng.Sci.Proc.","CESP",0
"Phys.Status Solidi B","Phys.Status Solidi B","PSSB",0
"Vysokotemp.Rasplavy","Vysokotemp.Rasplavy","VRAS",0
"J.Radioanal.Nucl.Chem.","J.Radioanal.Nucl.Chem.","JRNC",0
"Physica","Physica","PHY",0
"Phys.Rev.Ser.2","Phys.Rev.Ser.2","PR;2",0
"Compt.Rend.Symp.Res.Mecan. du Verre, Florence","Compt.Rend.Symp.Res.Mecan. du Verre, Florence","CRSRM",0
"Stekol.Prom.","Stekol.Prom.","SP",0
"Zh.Eksper.Teor.Fiz.","Zh.Eksper.Teor.Fiz.","ZETF",0
"J.Low Temp.Phys.","J.Low Temp.Phys.","JLTP",0
"In: Relaksatsionnye Yavleniya v Tverdykh Telakh, Moskva","In: Relaksatsionnye Yavleniya v Tverdykh Telakh, Moskva","RYTT",0
"In: Modern Aspects of the Vitreous State (ed.J.D.Mackenzie), London","In: Modern Aspects of the Vitreous State, London","MAVS",0
"Fuel","Fuel","FU",0
"Metallurg.Mater.Trans;B","Metallurg.Mater.Trans;B","MMT;B",0
"In: Fizicheskaya Khimiya i Tekhnologiya v Metallurgii, Ekaterinburg","In: Fiz.Khim. i Tekhnologiya v Metallurgii, Ekaterinburg","FKTM",0
"Tr.Tbilis.Gos.NII Stroit.Mater.","Tr.Tbilis.Gos.NII Stroit.Mater.","TTGSM",0
"In: Fizicheskaya Khimiya Metallurg.Protsessov i Sistem, Moskva","In: Fiz.Khim.Metallurg.Protsessov i Sistem, Moskva","FKMPS",0
"Proc.Symp.on Defect in Glass, Tokyo-Kyoto","Proc.Symp.on Defect in Glass, Tokyo-Kyoto","PSD",0
"J.Mining Metallurg.Inst.Jpn","J.Mining Metallurg.Inst.Jpn","JMMIJ",0
"L`Industr.Ceram.","L`Industr.Ceram.","LIC",0
"In: Tezisy IV Vses.Konf.""Vysokotemperaturnaya Fizicheskaya Khimiya i Elektrokhimiya"", Sverdlovsk","In: Tezisy IV Vses.Konf.""Vysokotemp.Fiz.Khim.i Elektrokhim""","VFKE",0
"Geophys.Res.Lett.","Geophys.Res.Lett.","GRL",0
"In: Poverkhnostnye Yavleniya v Rasplavakh i Protsessakh Poroshkovoi Metallurgii, Kiev","In: Poverkhn.Yavl. v Raspl. i Protsessakh Poroshk.Metallurgii","PYRP",0
"Kovove Mater.","Kovove Mater.","KM",0
"Geologiya","Geologiya","G",0
"Gertsenovskie Chteniya.Khimiya,Leningrad","Gertsenovskie Chteniya.Khimiya,Leningrad","GCL",0
"Tr.Vses.Nauchno-Issled.Inst.Stekla,Moskva","Tr.Vses.Nauchno-Issled.Inst.Stekla,Moskva","TVNIIS",0
"Proizvodstvo Opticheskikh Stekol, Petrograd","Proizvodstvo Opticheskikh Stekol, Petrograd","POS",0
"Rend.Acc.Sc.Fis.Mat.,ser.4","Rend.Acc.Sc.Fis.Mat.,ser.4","RASFM;4",0
"In: Mekhanizmy Vnutrennego Treniya v Tverdykh Telakh, Moskva","In: Mekhanizmy Vnutrennego Treniya v Tverdykh Telakh, Moskva","MVTTT",0
"Proc.Symp.on High Temp.Chem., Bombay","Proc.Symp.on High Temp.Chem., Bombay","PSHTC",0
"In: Fizicheskaya Khimiya Rasplavlennykh Shlakov, Kiev","In: Fizicheskaya Khimiya Rasplavlennykh Shlakov, Kiev","FKRS",0
"In: Radioisotopes in the Phys.Sci.Ind., Intern.Atomic Agency, Vienna","In: Radioisotopes in the Phys.Sci.Ind., Vienna","RPSI",0
"Elektricheskie Svoistva Stekla, Moskva","Elektricheskie Svoistva Stekla, Moskva","ESSM",0
"In: Glazuri, Ikh Proizvodstvo i Primenenie, Riga","In: Glazuri, Ikh Proizvodstvo i Primenenie, Riga","GPP",0
"Proc.5th Sci.Techn.Conf.on Glass and Fine Ceramics, Varna","Proc.5th Sci.Techn.Conf.on Glass and Fine Ceramics, Varna","PSTCG",0
"Neue Hutte","Neue Hutte","NH",0
"Strontsii v Stekle, Leningrad","Strontsii v Stekle, Leningrad","STRST",0
"Tr.Mosk.Obl.Pedagog.Inst.","Tr.Mosk.Obl.Pedagog.Inst.","TMOPI",0
"Shlakositally, Moskva","Shlakositally, Moskva","SHS",0
"Metals and Alloys","Metals and Alloys","MA",0
"In: Nauchn.Tr.Mosk.Inst.Stali i Splavov","In: Nauchn.Tr.Mosk.Inst.Stali i Splavov","NTMISS",0
"In: Materials Science Research,v.11, Strength of Inorganic Glass (ed.C.R.Kurkjian), Plenum Press, N.Y.","In: Materials Science Research,v.11, Strength of Glass","MSR;STG",0
"Rep.Governm.Ind.Res.Inst.Nagoya","Rep.Governm.Ind.Res.Inst.Nagoya","RGIRIN",0
"Zashchita Metallov","Zashchita Metallov","ZM",0
"Physica A","Physica A","PhA",0
"In: Problemy Khimii Silikatov, Leningrad","In: Problemy Khimii Silikatov, Leningrad","PKS",0
"Tr.Mosk.Inst.Stali i Splavov","Tr.Mosk.Inst.Stali i Splavov","TMISS",0
"Tr.Donets.Nauchno-Issl.Inst.Chern.Metallur.","Tr.Donets.Nauchno-Issl.Inst.Chern.Metallur.","TDCM",0
"In: Kinetics of High-Temperature Processes, Techn.Press, New York","In: Kinetics of High-Temperature Processes, New York","KHTP",0
"Canad.J.Earth Sci.","Canad.J.Earth Sci.","CJES",0
"Tr.Chelyab.Politekhn.Inst.","Tr.Chelyab.Politekhn.Inst.","TCPI",0
"Archiwum Hutnictwo","Archiwum Hutnictwo","AH",0
"Izv.Akad.Nauk Kaz.SSR,ser.Metall.,Obogashch.Ogneup.","Izv.Akad.Nauk Kaz.SSR,ser.Metall.,Obogashch.Ogneup.","IANKSSR;M",0
"Fiziko-Khimicheskie Svoistva Shlakov Tsvetnoi Metallurgii, Alma-Ata","In: Fiz.-Khim.Svoistva Shlakov Tsvetnoi Metallurgii, Alma-Ata","FKSSTM",0
"Protsess Shlakoobrazovaniya v Domennoi Pechi, Moskva","Protsess Shlakoobrazovaniya v Domennoi Pechi, Moskva","PSODP",0
"Tr.Permskogo Politekhn.Inst.","Tr.Permskogo Politekhn.Inst.","TPPI",0
"Tr.Zhdanov.Metall.Inst.","Tr.Zhdanov.Metall.Inst.","TZMI",0
"Tr.Gos.Inst.Tsvetnoi Metall., Moskva","Tr.Gos.Inst.Tsvetnoi Metall., Moskva","TGITM",0
"Bull.Tsentr.Nauchno-Issl.Inst.Chern.Metall.","Bull.Tsentr.Nauchno-Issl.Inst.Chern.Metall.","BTNI",0
"In: Proizvodstvo Ferrosplavov, Chelyabinsk","In: Proizvodstvo Ferrosplavov, Chelyabinsk","PF",0
"Problemy Spetsialnoi Elektrometall., Kiev","Problemy Spetsialnoi Elektrometall., Kiev","PSE",0
"Models for Optical Properties, Abo Akad.Univ.","Models for Optical Properties, Abo Akad.Univ.","MOP",0
"Svoistva Zhidkikh Domennykh Shlakov, Moskva","In: Svoistva Zhidkikh Domennykh Shlakov, Moskva","SZDS",0
"Dokl.Akad.Nauk Ukr.SSR, ser.A","Dokl.Akad.Nauk Ukr.SSR, ser.A","DANUSSR;A",0
"Tr.Mosk.Inst.Tsvetn.Metallov i Zolota","Tr.Mosk.Inst.Tsvetn.Metallov i Zolota","TMITSMZ",0
"Vestn.Kiev.Politekhn.Inst., ser.Mashinostr.","Vestn.Kiev.Politekhn.Inst., ser.Mashinostr.","VKP",0
"Bull.Fac.Eng.,Hokkaido Univ.","Bull.Fac.Eng.,Hokkaido Univ.","BFEHOU",0
"Proc.Oklahoma Acad.Sci.","Proc.Oklahoma Acad.Sci.","POAS",0
"In: Tezisy VI Vses.Konf.po Stroeniyu i Svoistvam Metallicheskikh i Shlakovykh Rasplavov, Sverdlovsk","In: Tez.VI Vses.Konf.po Str.i Svoist.Met.i Shlak.Rasp.,Sverdlovsk","TVKSSM",0
"Izv.Akad.Nauk Kaz.SSR,ser.Gorn.Dela,Stroi.Mater.Metall.","Izv.Akad.Nauk Kaz.SSR,ser.Gorn.Dela,Stroi.Mater.Metall.","IANKSSR;GD",0
"Tr.Inst.Problem Materialoved., Kiev","Tr.Inst.Problem Materialoved., Kiev","TIPM",0
"Proc.3rd Intern.Conf.on Phonon Scatter.Condensed Matter (ed.H.J.Maris), New York, Plenum","Proc.3rd Intern.Conf.on Phonon Scatter.Condensed Matter","PISCM",0
"In: Tezisy Dokladov  Konf.""Stroenie, Svoistva i Primenenie Fosfatnykh, Ftoridnykh i Khalkogenidnykh Stekol"", Riga","In: Tez.Dokl.Konf.""Stroenie, Svoistva i Primenenie Stekol"", Riga","TSSPF",0
"J.Jpn Foundr.Soc.","J.Jpn Foundr.Soc.","JJFS",0
"In: Tezisy IV Vses.Konf.po Stroeniyu i Svoistvam Metallicheskikh i Shlakovykh Rasplavov, Sverdlovsk","In: Tez.IV Vses.Konf.po Str.i Svoist.Met.i Shlak.Rasp.,Sverdlovsk","TVKSSMS",0
"In: Tezisy V Vses.Konf.po Stroeniyu i Svoistvam Metallicheskikh i Shlakovykh Rasplavov, Sverdlovsk","In: Tez.V Vses.Konf.po Str.i Svoist.Met.i Shlak.Rasp.,Sverdlovsk","TVKSS",0
"Tr.Altaisk.Gornometallurg.Inst.Akad.Nauk Kaz.SSR","Tr.Altaisk.Gornometallurg.Inst.Akad.Nauk Kaz.SSR","TAGMI",0
"Legkoplavkie Stekla, Moskva","Legkoplavkie Stekla, Moskva","LS",0
"Zement-Kalk-Gips","Zement-Kalk-Gips","ZKG",0
"Extended Abstr.Second Int.Symp.on Halide Glasses, Troy","Extended Abstr.Second Int.Symp.on Halide Glasses, Troy","EAHG",0
"Chem.Zvesti","Chem.Zvesti","CZV",0
"J.Appl.Chem.","J.Appl.Chem.","JACH",0
"Studii Cercet.Fizica","Studii Cercet.Fizica","SCF",0
"US Bur.Mines,Techn.Paper","US Bur.Mines,Techn.Paper","USBMTP",0
"Mineral.Magazine","Mineral.Magazine","MM",0
"J.Phys.(Paris),Colloq.C4,suppl.10","J.Phys.(Paris),Colloq.C4,suppl.10","JP;C4;S10",0
"Shlaki dlya Rafinirovaniya Metalla, Moskva","Shlaki dlya Rafinirovaniya Metalla, Moskva","SRM",0
"Izv.Akad.Nauk SSSR, Ser.Khim.","Izv.Akad.Nauk SSSR, Ser.Khim.","IANSSSR;SK",0
"Atom.Energ.","Atom.Energ.","ATE",0
"C.R.Acad.Sci.,Ser.D","C.R.Acad.Sci.,Ser.D","CRAS;D",0
"Bull.Mineral.","Bull.Mineral.","BM",0
"Vestn.Sankt-Peterburg.Univ.","Vestn.Sankt-Peterburg.Univ.","VSPU",0
"In: Noveishie Raboty po Fiziko-Khimii Stekla, Moskva","In: Noveishie Raboty po Fiziko-Khimii Stekla, Moskva","NRFKS",0
"Proc.Dalian Intern.Conf.on Glass, China Sci.& Techn.Press","Proc.Dalian Intern.Conf.on Glass, China Sci.& Techn.Press","PDICG",0
"In: Issledovaniya v Oblasti Neorganicheskoi i Fizicheskoi Khimii, Baku","In: Issledovaniya v Oblasti Neorgan. i Fiz. Khimii, Baku","IONFK",0
"In: Katalizirovannaya Kristallizatsiya Stekla, Moskva","In: Katalizirovannaya Kristallizatsiya Stekla, Moskva","KKS",0
"Katalizirovannaya Reguliruemaya Kristallizatsiya Stekol LiâO-AlâOã-SiOâ Sistemy, Leningrad","Kataliz.Regulir.Krist.Stekol LiâO-AlâOã-SiOâ Sistemy, Leningrad","KRKS",0
"In: Neorganicheskie Steklovidnye Pokrytiya i Materialy, Riga","In: Neorganicheskie Steklovidnye Pokrytiya i Materialy, Riga","NSPMR",0
"Mnogomargantsevye Boratnye i Silikatnye Stekla, Tbilisi","Mnogomargantsevye Boratnye i Silikatnye Stekla, Tbilisi","MBSS",0
"In: Sb.Nauchn.Rabot Inst.Stroit.Mater.Bel.SSR","In: Sb.Nauchn.Rabot Inst.Stroit.Mat.Bel.SSR","SNRISM",0
"Supercond.Sci.Technol.","Supercond.Sci.Technol.","SST",0
"In: Boraty Narodnomy Khozyaistvu, Riga","In: Boraty Narodnomu Khozyaistvu, Riga","BNK",0
"Elektron.Tekh., Ser.10, Tekhnol.Org.Proizv.","Elektron.Tekh.,Ser.10, Tekhnol.Organiz.Proizvodstva","ET;S10",0
"Philos.Mag.Lett.","Philos.Mag.Lett.","PML",0
"Opyt Polucheniya Tsirkonievo-Litievykh Glazurei i Izuchenie ikh Svoistv, Minsk","Opyt Poluch.Tsirkonievo-Litievykh Glazurei i Izuch. Svoist, Minsk","OPG",0
"Dokl.Akad.Nauk Ukr.SSR","Dokl.Akad.Nauk Ukr.SSR","DANUSSR",0
"In: Ispolzovanie v Stekolnom Proizvodstve Nedefitsitnykh Materialov, Moskva","In: Ispolzovanie v Stekoln.Proizv.Nedefits.Mater., Moskva","ISPNM",0
"Izv.Akad.Nauk Arm.SSR,Fiz.Mat.,Estestv.Tekhn.Nauki","Izv.Akad.Nauk Arm.SSR, Fiz.Mat.,Estestv.Tekhn.Nauki","IANASSR;FMET",0
"In: Tezisy Dokladov VIII Vses.Konf.po Fizicheskoi Khimii i Elektrokhimii Ionnykh Rasplavov i Tverdykh Elektrolitov, Leningrad","In: Tez.VIII Vses.Konf.Fiz.Khim.Elektrokhim.Ionn. Raspl.Elektrol.","TVKFKI",0
"Uch.Zap.Rizhskogo Politekhn.Inst.","Uch.Zap.Rizhskogo Politekhn.Inst.","UZRPI",0
"Proc.XIXth Intern.Congr.on Glass, Edinburg","Proc.XIXth Intern.Congr.on Glass, Edinburg","CGXIX",0
"Consilox VIII, Alba Iulia","Consilox VIII, Alba Iulia","ConVIII",0
"Izv.Tomskogo Politekhn.Inst.","Izv.Tomskogo Politekhn.Inst.","ITPI",0
"In: Metallurgicheskie Shlaki i Primenenie ikh v Stroitelstve, Moskva","In: Metallurg.Shlaki i Primenenie ikh v Stroitelstve, Moskva","MSPS",0
"Izv.Vyssh.Uchebn.Zaved., Energetika","Izv.Vyssh.Uchebn.Zaved., Energetika","IVUZ;E",0
"J.Phys.(Paris),Colloq.C6,suppl.12","J.Phys.(Paris),Colloq.C6,suppl.12","JP;C6;S12",0
"Nauchno-Tekhn.Inform.Byull.Nauchno-Issl.Inst.Stekla","Nauchno-Tekhn.Inform.Bull.Nauchno-Issl.Inst.Stekla","NTIB",0
"Svetotekhnika","Svetotekhnika","SV",0
"Issledovanie Zavisimosti Svoistv Stekol ot ikh Sostava, Moskva","Issled.Zavisimosti Svoist Stekol ot ikh Sostava, Moskva","IZSS",0
"Geokhimiya","Geokhimiya","GK",0
"In: Stekla i Tverdye Elektrolity, St-Peterburg","In: Stekla i Tverdye Elektrolity, St Peterburg","STE",0
"In: Tr.VI Soveshch.po Eksperim.i Tekhnich.Mineral.i Petrografii, Moskva","In: Tr.VI Soveshch. po Eksper. i Tekhn.Mineral.Petrogr., Moskva","TSETM",0
"Izv.Severo-Kavkaz.Nauch.Tsentra Vyssh.Shkoly,Tekhn.Nauki","Izv.Severo-Kavkaz.Nauch.Tsentra Vyssh.Shkoly,Tekhn.Nauki","ISKNTVS;TN",0
"In: 8th Intern.Conf.Structure Non-Cryst.Mater., Wales","In: 8th Intern.Conf.Structure Non-Cryst.Mater., Wales","NCM8",0
"J.Less-Common Metals","J.Less-Common Metals","JLCM",0
"Radiat.Effects Defects Solids","Radiat.Effects Defects Solids","REDS",0
"Soobshch.Dalnevost.Fil.Sibir.Otd.Akad.Nauk SSSR","Soobshch.Dalnevost.Fil.Sibir.Otd.Akad.Nauk SSSR","SDF",0
"Vestn.Dalnevost.Otd.Ross.Akad.Nauk","Vestn.Dalnevost.Otdel.Ross.Akad.Nauk","VDORAN",0
"In: Tezisy X Simp.po Khimii Neorg.Ftoridov, Moskva","In: Tezisy X Simp.po Khimii Neorg.Ftoridov, Moskva","KNFX",0
"Optical Materials","Optical Materials","OM",0
"Bul.Inst.Politehn., Bucuresti","Bul.Inst.Politehn., Bucuresti","BIPB",0
"J.Volcan.Geotherm.Res.","J.Volcan.Geotherm.Res.","JVGR",0
"In: Tezisy Vseros.Sov.""Nauka i Tekhnologiya Silikatkykh Materialov v Sovremennykh Usloviyakh Rynochnoi Ekonomiki, Moskva","In: Tez.Vseros.Sov.""Nauka i Tekhnol.Silik.Mater. "",Moskva","NTSM",0
"Spectrochimica Acta","Spectrochimica Acta","SA",0
"Glass Sci.Technol.","Glass Sci.Technol.","GST",0
"In: Steklo i Fina Keramika (3 Nauch.-Tekhn.Konf., Varna, 1970), Sofiya","In: Steklo i Fina Keramika, Sofiya","SFK",0
"Sci.Technol.Advanced Mater.","Sci.Technol.Advanced Mater.","STAM",0
"Intern.J.Inorg.Mater.","Intern.J.Inorg.Mater.","IJIM",0
"Glass-to-Metal Seals, Sheffield","Glass-to-Metal Seals, Sheffield","GMS",0
"Steklosmazki i Zashchitnye Pokrytiya dlya Goryachei Obrabotki Metallov, Moskva","Steklosmazki i Zashchitnye Pokrytiya, Moskva","SZP",0
"Pramana","Pramana","PRA",0
"Acta Physica Acad.Sci.Hungar.","Acta Physica Acad.Sci.Hungar.","APASH",0
"Pakistan J.Sci.Res.","Pakistan J.Sci.Res.","PJSR",0
"J.Quant.Spectrosc.Radiat.Transfer","J.Quant.Spectrosc.Radiat.Transfer","JQSRT",0
"Solid State Sci.","Solid State Sci.","SSSC",0
"Cryst.Res.Technol.","Cryst.Res.Technol.","CRT",0
"In: 2.Intern.Otto-Schott Coll., Posterbeitrage, Iena","In: 2.Intern.Otto-Schott Coll., Posterbeitrage, Jena","IOSCP",0
"Extended Abstr.Xth Int.Symp.on Non-Oxide Glasses, Corning","Extended Abstr.Xth Int.Symp.on Non-Oxide Glasses, Corning","EANOG",0
"Polymer Engin.Sci.","Polymer Engin.Sci.","PES",0
"Infrared Phys.Technol.","Infrared Phys.Technol.","IPT",0
"J.Inorg.Phosph.Chem.","J.Inorg.Phosph.Chem.","JIPC",0
"Scripta Mater.","Scripta Mater.","SM",0
"Vacuum","Vacuum","VAC",0
"Semicond.Sci.Technol.","Semicond.Sci.Technol.","SEST",0
"Extended Abstr.Fall Meeting Glass and Optic.Mater.Div., Ohio","Extended Abstr.Fall Meeting Glass and Optic.Mater.Div.,Ohio","EAFM",0
"Proc.5th Intern.Conf.Amorphous and Liquid Semiconductors, Garmisch-Partenkirchen","Proc.5th Int.Conf.Amorph.Liq.Semicond., Garmisch-Partenkirch","PALS",0
"In: Fizika Tverdogo Tela, Leningrad","In: Fizika Tverdogo Tela, Leningrad","FTTL",0
"Malo- i Mnogozhelezistye Oksidnye Stekla, Tashkent","Malo- i Mnogozhelezistye Oksidnye Stekla, Tashkent","MOS",0
"In: Elektron.Yavleniya v Nekristall.Poluprovod.(Tr.VI Mezhdun.Konf.), Leningrad","In: Elektron.Yavl. Nekrist.Poluprov.(Tr.VI Mezhd.Konf.),L-d","EYNP",0
"In: Struktura i Svoistva Nekristall.Poluprovod.(Tr.VI Mezhdun.Konf.), Leningrad","In: Strukt.Svoistva Nekrist.Poluprov.(Tr.VI Mezhd.Konf.),L-d","SSNP",0
"Phys.Status Solidi","Phys.Status Solidi","PSS0",0
"Optika i Spektroskopiya","Optika i Spektroskopiya","OPSP",0
"In: Advances in Ceramics, vol.2: Physics of Fiber Optics (eds B.Bendow and S.S.Mitra),Am.Ceram.Soc.,Columbus,Ohio","In: Advances in Ceramics, vol.2: Physics of Fiber Optics","ADVCP",0
"C.R.Chimie","C.R.Chimie","CRC",0
"Optics Communications","Optics Communications","OC",0
"Ann.Chim.Sci.Mat.","Ann.Chim.Sci.Mat.","ACSM",0
"Canad.J.Phys.","Canad.J.Phys.","CANJP",0
"Biomaterials","Biomaterials","B",0
"Phys.Chem.Liq.","Phys.Chem.Liq.","PCL",0
"Uch.Zap.Erevan.Gos.Univ.","Uch.Zap.Erevan.Gos.Univ.","UZEGU",0
"J.Fluorine Chem.","J.Fluorine Chem.","JFC",0
"J.Chem.Soc., Faraday Trans.2","J.Chem.Soc., Faraday Trans.2","JCSFT2",0
"Proc.ICG Ann.Meet. CD-ROM, Amsterdam","Proc.ICG Ann.Meet. CD-ROM, Amsterdam","PIA",0
"Indian J.Appl.Chem.","Indian J.Appl.Chem.","IJAC",0
"In: Inform.-Tekhn.Sbornik Nauchno-Issled.Inst.Elektrovak.Stekla","In: Inform.-Tekhn.Sbornik Nauch.-Issl.Inst.Elektrovak.Stekla","ITSNIIES",0
"Defect Diffus.Forum","Defect Diffus.Forum","DDF",0
"Bull.Univ.Osaka Prefect.","Bull.Univ.Osaka Prefect.","BUO",0
"J.Colloid Sci.","J.Colloid Sci.","JCOS",0
"Appl.Polymer Symposia","Appl.Polymer Symposia","APOLS",0
"Inorg.Chimica Acta","Inorg.Chimica Acta","ICA",0
"Phys.Chem.Chem.Phys.","Phys.Chem.Chem.Phys.","PCCP",0
"In: Encyclopedia of Chemical Technology, John Wiley & Sons","In: Encyclopedia of Chemical Technology, John Wiley & Sons","ECT",0
"In: Tezisy Dokladov Konf.""Stekloobraznye Poluprovodniki"", Leningrad","In: Tez.Dokl.Konf.""Stekloobraznye Poluprovodniki"", Leningrad","TDSP",0
"In: Stekloobraznye Poluprovodniki dlya Optoelektroniki, Kishinev","In: Stekloobraznye Poluprovod. dlya Optoelektron., Kishinev","SPO",0
"J.Mater.Process.Technol.","J.Mater.Process.Technol.","JMPT",0
"Fizika i Tekhnika Poluprovodnikov","Fizika i Tekhnika Poluprovodnikov","FTP",0
"Izv.Akad.Nauk Uzb.SSR,Ser.Tekhn.","Izv.Akad.Nauk Uzb.SSR, Ser.Tekhn.","IANUZSSR;ST",0
"Proc.10th Lunar Planet.Sci.Conf.","Proc.10th Lunar Planet.Sci.Conf.","P10LPC",0
"Monatshefte Chem.","Monatshefte Chem.","MOC",0
"Eur.Phys.J., Appl.Phys.","Eur.Phys.J., Appl.Phys.","EPJ;AP",0
"Indian J.Chem.","Indian J.Chem.","IJC",0
"Radiat.Phys.Chem.","Radiat.Phys.Chem.","RPC",0
"Europhys.Lett.","Europhys.Lett.","EPL",0
"Proc.XXth Intern.Congr.on Glass (in CD-ROM), Kyoto","Proc.XXth Intern.Congr.on Glass (in CD-ROM), Kyoto","CGXX",0
"J.Molec.Liquids","J.Molec.Liquids","JML",0
"Intern.J.Thermal Sci.","Intern.J.Thermal Sci.","IJTS",0
"Solid State Electronics","Solid State Elecronics","SSEL",0
"Bull.Volcanol","Bull.Volcanol","BV",0
"Acta Materialia","Acta Materialia","AMA",0
"Microelectronics Journal","Microelecronics Journal","MJ",0
"In: Properties of Glass-Forming Melts (eds L.D.Pye, A.Montenero, and I.Joseph), Taylor & Francis, New York","In: Properties of Glass-Forming Melts, New York","PGFM",0
"Progress of Theor.Phys.,Suppl.","Progress of Theor.Phys., Suppl.","PTPS",0
"Proc.14th Conf.on Glass and Ceramics, Publ.House Union Scientists, Sofia","Proc.14th Conf.on Glass and Ceramics, Sofia","P14CGC",0
"Offic.Publ.Soc.Chem.Eng.Jpn","Offic.Publ.Soc.Chem.Eng.Jpn","OPSJ",0
"Bergbau und Energie","Bergbau und Energie","BE",0
"Waste Management","Waste Management","WM",0
"Acta Biomaterialia","Acta Biomaterialia","AB",0
"J.Franklin Inst.","J.Franklin Inst.","JFI",0
"J.Austr.Ceram.Soc.","J.Austr.Ceram.Soc.","JAUCS",0
"Bull.Am.Phys.Soc.,Ser.II","Bull.Am.Phys.Soc.,Ser.II","BAPS;S2",0
"Helv.Phys.Acta","Helv.Phys.Acta","HPA",0
"Scripta Metallurgica","Scripta Metallurgica","SMET",0
"J.Vac.Sci.Technol.","J.Vac.Sci.Technol.","JVST",0
"Geolog.Soc.Am.Bull.","Geol. Soc. Amer. Bull.","GSAB",1
"J.Ceram.Soc.Jpn,Suppl.","J.Ceram.Soc.Jpn.Suppl.","JCSJS",0
"Colloid & Polimer Sci.","Colloid & Polimer Sci.","CPS",0
"Proc.6th Japan-Korea Seminar on Ceramics, Osaka","Proc.6th Japan-Korea Seminar on Ceramics, Osaka","PJKSC",0
"Analytical Chem.","Analytical Chem.","ANC",0
"Proc.Indian Acad.Sci.","Proc.Indian Acad.Sci.","PIAS",0
"Am.J.Appl.Sci.","Am.J.Appl.Sci.","AJAS",0
"Turk.J.Phys.","Turk.J.Phys.","TJP",0
"Clinical Mater.","Clinical Mater.","CLM",0
"Measurement Sci.Technol.","Measurements Sci.Technol.","MST",0
"J.Optoelectron.Adv.Mater.","J.Optoelectron.Adv.Mater.","JOAM",0
"Romanian Rep.Phys.","Romanian Rep.Phys.","RORP",0
"Optics Letters","Optics Letters","OL",0
"Phys.Earth Planet.Inter.","Phys.Earth Planet.Inter.","PEPI",0
"Chem.Phys.Lett.","Chem.Phys.Lett.","CPL",0
"Chin.Phys.Lett.","Chin.Phys.Lett.","CHPL",0
"Solid State Nucl.Magn.Resonance","Solid State Nucl.Magn.Resonance","SSNMR",0
"Current Science","Current Science","CS",0
"Phys.Chem.Glasses: Eur.J.Glass Sci.Technol.B","Phys.Chem.Glasses:Eur.J.Glass Sci.Technol.B","PCGB",0
"J.Chem.Thermodynamics","J.Chem.Thermodynamics","JCT",0
"J.Ovonic Res.","J.Ovonic Res.","JOR",0
"Calphad","Calphad","CA",0
"J.Mater.Chem.","J.Mater.Chem.","JMC",0
"Issledovano v Rossii (http://zhurnal.ape.relarn.ru/articles)","Issledovano v Rossii (http://zhurnal.ape.relarn.ru/articles)","IR",0
"Proc.1st Balkan Conf.on Glass Sci.and Technol., Volos","Proc.1st Balkan Conf.on Glass Sci.Technology, Volos","P1BCG",0
"Polymer","Polymer","PO",0
"J.Serb.Chem.Soc.","J.Serb.Chem.Soc.","JSCS",0
"Hyperfine Interactions","Hyperfine Interactions","HI",0
"Radiat.Measur.","Radiat.Measur.","RM",0
"J.Braz.Chem.Soc.","J.Braz.Chem.Soc.","JBCS",0
"Mater.Res.","Mater.Res.","MR",0
"J.Therm.Anal.Calorim.","J.Therm.Anal.Calorim.","JTAC",0
"Dokl.Akad.Nauk SSSR,Ser.Khimiya","Dokl.Akad.Nauk SSSR, ser.Khimiya","DANSSSR;K",0
"Dokl.Akad.Nauk SSSR,Ser.Matem.Fizika","Dokl.Akad.Nauk SSSR, ser.Matem.Fizika","DANSSSR;MF",0
"In: 3.Intern.Otto-Schott Coll., Posterbeitrage, Jena","In: 3.Intern.Otto-Schott Coll., Posterbeitrage, Jena","3OSCP",0
"In: 4.Intern.Otto-Schott Coll., Jena","In: 4.Intern.Otto-Schott Coll., Jena","4OSC",0
"Polish J.Chem.","Polish J.Chem.","PJC",0
"Quimica Nova","Quimica Nova","QN",0
"J.Electron Spectr.Related Phenomena","J.Electron Spectr.Related Phenomena","JESRP",0
"Chalcogenide Lett.","Chalcogenide Lett.","CHLL",0
"Eur.Phys.J.B","Eur.Phys.J.B","EPJB",0
"In: 5th General Conf.Balkan Phys.Union, Vrnjacka Banja","In: 5th General Conf.Balkan Phys.Union, Vrnjacka Banja","5BPU",0
"Egypt.J.Solids","Egypt.J.Solids","EJS",0
"Philos.Mag.J.Sci.","Philos.Mag.J.Sci.","PMJS",0
"Zh.Strukt.Khim.","Zh.Strukt.Khim.","ZSTK",0
"Semicond.Phys.Quantum Electron.Optoelectron.","Semicond.Phys.Quantum Electron.Optoelectron.","SPQEO",0
"J.Korean Phys.Soc.","J.Korean Phys.Soc.","JKPS",0
"Phosphorus Res.Bull.","Phosphorus Res.Bull.","PHRB",0
"Optical Properties of Glass, Elsevier","Optical Properties of Glass, Elsevier","OPGL",0
"Handbook of Optical Materials, CRC Press","Handbook of Optical Materials, CRC Press","HOM",0
"Bull.Soc.Chim.France","Bull.Soc.Chim.France","BSCF",0
"Metallofizika","Metallofizika","MF",0
"Synthetic Metals","Synthetic Metals","SYME",0
"Mater.Sci.Poland","Mater.Sci.Poland","MSPOL",0
"Current Appl.Phys.","Current Appl.Phys.","CAP",0
"In: Proizvodstvo i Issledovanie Stekla i Silikatnykh Materialov, Vladimir","In: Proizv. i Issled.Stekla i Silikatn.Materialov, Vladimir","PISSMV",0
"Nuclear Instr.Methods Phys.Res.B","Nuclear Instr.Methods Phys.Res.B","NIMB",0
"J.Phys.IV,France","J.Phys.IV,France","JPIV",0
"Glass Technol.:Eur.J.Glass Sci.Technol.A","Glass Technol.: Eur.J.Glass Sci.Technol.A","GT;A",0
"Roczniki Chemii","Roczniki Chemii","RC",0
"Acta Phys.Slov.","Acta Phys.Slov.","APSL",0
"Arkiv for Fysik","Arkiv for Fysik","AF",0
"J.Electronic Mater.","J.Electronic Mater.","JEM",0
"J.Biomed.Mater.Research,Pt A","J.Biomed.Mater.Research, Pt A","JBMRA",0
"J.Electroceram.","J.Electroceram.","JE",0
"In: Amorfnye i Mikrokristallicheskie Poluprovodniki, Sankt-Peterburg","In: Amorfnye i Mikrokristall.Poluprovodniki, Sankt-Peterburg","AMP",0
"Ukr.Fiz.Zh.","Ukr.Fiz.Zh.","UFZ",0
"Ferroelectrics Lett.Section","Ferroelectrics Lett.Section","FLS",0
"Mater.Manufact.Process.","Mater.Manufact.Process.","MMP",0
"Spectroscopy Lett.","Spectroscopy Lett.","SPL",0
"Proc.XXIth Intern.Congr.on Glass (in CD-ROM), Strasbourg","Proc.XXIth Intern.Congr.on Glass, Strasbourg","CGXXI",0
"J.Univ.Chem.Technol.Metall.","J.Univ.Chem.Technol.Metall.","JUCTM",0
"Bull.Chem.Technol.Macedonia","Bull.Chem.Technol.Macedonia","BCTM",0
"Analytica Chimica Acta","Analytica Chimica Acta","ANCA",0
"Nuclear Instr.Methods Phys.Res.A","Nuclear Instr.Methods Phys.Res.A ","NIMA",0
"In: Novye Neorganicheskie Materialy, AN SSSR, Moskva","In: Novye Neorganicheskie Materialy, AN SSSR, Moskva","NNMM",0
"Gigroskopicheskie Nalety na Opticheskikh Detalyakh, Oborongiz, Moskva","Gigroskopicheskie Nalety na Optich. Detalyakh, Oborongiz, Moskva","GNOD",0
"In: Stroenie, Svoistva i Primenenie Fosfatnykh, Ftoridnykh i Khalkogenidnykh Stekol, Riga","In: Stroenie,Svoistva i Primenenie Fosf., Ftor. i Khalkog.Stekol","SSPF",0
"Z.anorg.Chem.","Z.anorg.Chem.","ZACH",0
"Appl.Surface Sci.","Appl.Surface Sci.","ASS",0
"Mineral.Petrol.","Mineral.Petrol.","MP",0
"Optics and Laser Technol.","Optics and Laser Technol.","OLT",0
"Intern.J.High Technol.Ceram.","Intern.J.High Technol.Ceram.","IJHTC",0
"Proc.Japan-Russia-China Seminar Structure and Form.Glasses (Ed.S.Sakka), Kyoto","Proc.Japan-Russia-China Sem.Structure Formation Glasses, Kyoto","PJRC",0
"Scripta Metallurgica et Materialia","Scripta Metallurgica et Materialia","SMM",0
"In: Metody Issledovaniya Tekhnologicheskikh Svoistv Stekla, Moskva","In: Metody IssledovaniyaTekhnologicheskikh Svoistv Stekla,Moskva","MITS",0
"Proc.3rd China-Japan-Russia Seminar Formation,Struct.Prop.Glasses, Beijing","Proc.3rd China-Japan-Russia Seminar Formation Struct.Prop.Glasses","P3CJR",0
"Proc.SPIE","Proc.SPIE","PSPIE",0
"Optical Fiber Technol.","Optical Fiber Technol.","OFT",0
"Dental Materials","Dental Materials","DM",0
"Intern.Geology Rev.","Intern.Geology Rev.","IGR",0
"Inform.Byull.GOI","Inform.Byull.GOI","IBG",0
"Proc.5th ESG Conf., Prague","Proc.5th ESG Conf., Prague","P5ESG",0
"J.Colloid Interface Sci.","J.Colloid Interface Sci.","JCIS",0
"World Appl.Sci.J.","World Appl.Sci.J.","WASJ",0
"IEEE J.Quantum Electron.","IEEE J.Quantum Electron.","IJQE",0
"Sens.Actuators B","Sens.Actuators B","SAB",0
"Tr.X Ross.Konf.""Stroenie i Svoistva Metallicheskikh i Shlakovykh Rasplavov"", Ekaterinburg-Chelyabinsk","Tr. X Ross.Konf.""Stroenie i Svoistva Metall. i Slakovykh Raspl.""","SSMSR",0
"J.Catalysis","J.Catalysis","JC",0
"In: Metody Izmereniya Teplovogo Rasshireniya Stekol i Spaivaemykh c Nimi Materialov, Leningrad","In: Metody Izmereniya Teplovogo Rasshireniya Stekol, Leningrad","MITRS",0
"Appl.Geochemistry","Appl.Geochemistry","AG",0
"Braz.J.Phys.","Braz.J.Phys.","BJP",0
"Am.J.Appl.Sci.(Spec.Issue)","Am.J.Appl.Sci.(Spec.Issue)","AJASSI",0
"J.Ind.Eng.Chem.","J.Ind.Eng.Chem.","JIEC",0
"J.Mater.Sci.Technol","J.Mater.Sci.Technol.","JMST",0
"Romanian J.Biophys.","Romanian J.Biophys.","RJB",0
"In: Tr.2 Vses.Simp.""Optich.i Spectr.Svoistva Stekol"", Obninsk","In: Tr. 2 Vses.Simp.""Optich.i Spektr.Svoistva Stekol"", Obninsk","OSSS",0
"Intern.J.Pure Appl.Phys.","Intern.J.Pure Appl.Phys.","IPAP",0
"Appl.Magn.Reson.","Appl.Magn.Reson.","AMRE",0
"Proc.15th Conf.on Glass and Ceramics, Publ.House Union Scientists, Sofia","Proc.15th Conf.on Glass and Ceramics, Sofia","P15CGC",0
"In: Amorfnye i Stekloobraznye Poluprovodniki, Kaliningrad","In: Amorfnye i Stekloobraznye Poluprovodniki, Kaliningrad","ASP",0
"J.Techn.Univ.Plovdiv","J.Techn.Univ.Plovdiv","JTUP",0
"Bulgar.J.Phys.","Bulgar.J.Phys.","BJPH",0
"Metalurgija","Metalurgija","ME",0
"J.Appl.Sci.","J.Appl.Sci.","JAS",0
"J.Rare Earths","J.Rare Earths","JRE",0
"J.Phys.Studies","J.Phys.Studies","JPST",0
"Optics Express","Optics Express","OE",0
"ETRI Journal","ETRI Journal","ETRIJ",0
"BARC Newsletter","BARC News Letter","BNL",0
"Shigen-to-Sozai","Shigen-to-Sozai","STS",0
"Fizika A (Zagreb)","Fizika A (Zagreb)","FA",0
"Visnyk Lviv.Univ.","Visnyk Lviv.Univ.","VLU",0
"Chin.Chem.Lett.","Chin.Chem.Lett.","CCL",0
"Vibrational Spectroscopy","Vibrational Spectroscopy","VIS",0
"Acoustics Lett.","Acoustics Lett.","AL",0
"J.Radioanal.Nucl.Chem.,Art.","J.Radioanal.Nucl.Chem., Art","JRNCA",0
"Ob`emnaya Dilatometriya Khalkogenidnykh Stekloobraznykh Materialov, S-Peterburg","Ob`emnaya Dilatometriya Khalkog.Stekloobr.Poluprov., S-Peterburg","ODK",0
"Philos.Mag.,Ser.7","Philos.Mag.,Ser.7","PM7",0
"Ionics","Ionics","IO",0
"J.Control.Release","J.Control.Release","JCR",0
"Vestn.Mosk.Univ.,Khimiya","Vestn.Mosk.Univ.,Khimiya","VMU;KH",0
"Adv.Mater.","Adv.Mater.","ADM",0
"ARPN J.Eng.Appl.Sci.","ARPN J.Eng.Appl.Sci.","ARPN",0
"J.Pure Appl.Ultrason.","J.Pure Appl.Ultrason.","JPAU",0
"Adv.Mater.Opt.Electron.","Adv.Mater.Opt.Electron.","AMOE",0
"Chem.Mater.","Chem.Mater.","CHM",0
"Intern.J.Appl.Ceram.Technol.","Intern.J.Appl.Ceram.Technol.","IJACT",0
"J.Biomed.Mater.Research,Pt B","J.Biomed.Mater.Research, Pt B","JBMRB",0
"Adv.Funct.Mater.","Adv.Funct.Mater.","AFM",0
"Biomed.Mater.","Biomed.Mater.","BMM",0
"J.Univ.Sci.Technol.Beijing","J.Univ.Sci.Technol.Beijing","JUB",0
"28.Intern.Wiss.Koll.Techn.Hochschule, Ilmenau","28.Intern.Wiss.Koll.Techn.Hochschule, Ilmenau","28IWK",0
"J.Instrum.Soc.India","J.Instrum.Soc.India","JINSI",0
"Trans.Nonferrous Met.Soc.China","Trans.Nonferrous Met.Soc.China","TNMSC",0
"J.Iron Steel Res.Intern.","J.Iron Steel Res.Intern.","JISRI",0
"J.Non-Oxide Glasses","J.Non-Oxide Glasses","JNOG",0
"Optical Review","Optical Review","OR",0
"Indian J.Engin.Mater.Sci.","Indian J.Engin.Mater.Sci.","IJEMS",0
"Eur.Internet Centre Imped.Spectr.","Eur.Internet Centre Imped.Spectr.","ICIS",0
"Scand.J.Metall.","Scand.J.Metall.","SJM",0
"J.Wuhan Univ.Technol.","J.Wuhan Univ.Technol.","JWUT",0
"Zh.Anal.Khim.","Zh.Anal.Khim.","ZAK",0
"Optical Quantum Electronics","Optical Quantum Electronics","OQE",0
"Optical Engin.","Optical Engin.","OEN",0
"J.Phys.Chem.B","J.Phys.Chem.B","JPCB",0
"Chin.Optics Lett.","Chin.Optics Lett.","COL",0
"Physica Scripta","Physica Scripta","PSC",0
"Mater.Character.","Mater.Character.","MACH",0
"J.Phys.:Conf.Ser.","J.Phys.:Conf.Ser.","JP:CS",0
"Progr.Cryst.Growth Charact.Mater.","Progr.Cryst.Growth Charact.Mater.","PCGCM",0
"Dalton Trans.","Dalton Trans.","DT",0
"Rev.Adv.Mater.Sci.","Rev.Adv.Mater.Sci.","RAMS",0
"Elektrometallurgiya","Elektrometallurgiya","EML",0
"Tekhn.Tekhnol.Silikatov","Tekhn.Tekhnol.Silikatov","TTS",0
"Tr.Inst.Obshch.Fisiki RAN","Tr.Inst.Obshch.Fiziki RAN","TIOF",0
"Vestn.Mordovck.Gosuniv.","Vestn.Mordovsk.Gosuniv.","VMG",0
"IOP Conf.Ser.: Mater.Sci.Engin.","IOP Conf.Ser.: Mater.Sci.Engin.","IOPS",0
"Svarochnoe proizvodstvo","Svarochnoe proizvodstvo","SVP",0
"Centr.Europ.J.Chem.","Centr.Europ.J.Chem.","CEJC",0
"Nuclear Sci.Engin.","Nuclear Sci.Engin.","NSE",0
"J.Phase Equil.","J.Phase Equil.","JPE",0
"Intern.J.Hydrogen Energy","Intern.J.Hydrogen Energy","IJHE",0
"Chem.Met.Alloys","Chem.Met.Alloys","CMA",0
"Arm.J.Phys.","Arm.J.Phys.","ARJP",0
"Adv.Conden.Matter Phys.","Adv.Conden.Matter Phys.","ACMP",0
"J.Hazardous Mater.","J.Hazardous Mater.","JHM",0
"Ann.Nucl.Energy","Ann.Nucl.Energy","ANE",0
"J.Optoelectron.Adv.Mater.-Symposia","J.Optoelectron.Adv.Mater.-Symposia","JOAM-S",0
"Acta Metallurgica Sinica (English Lett.)","Acta Metallurgica Sinica (English Lett.)","AMS(EL)",0
"Optica Applicata","Optica Applicata","OA",0
"Energy and Fuels","Energy and Fuels","EF",0
"Laser Physics","Laser Physics","LPH",0
"Korean J.Mater.Res.","Korean J.Mater.Res.","KJMR",0
"Middle-East J.Sci.Res.","Middle-East J.Sci.Res.","MJSR",0
"J.Cent.South Univ.Technol.","J.Cent.South Univ.Technol.","JCSUT",0
"Laser Chemistry","Laser Chemistry","LC",0
"J.Royal Soc.Interface","J.Royal Soc.Interfase","JRSI",0
"Centr.Europ.J.Phys.","Centr.Europ.J.Phys.","CEJP",0
"Trends Appl.Sci.Res.","Trends Appl.Sci.Res.","TASR",0
"J.Res.Phys.","J.Res.Phys.","JRP",0
"Adv.Sci.Lett.","Adv.Sci.Lett.","ASL",0
"Intern.J.Appl.Glass Sci.","Intern.J.Appl.Glass Sci.","IJAGS",0
"Integrated Ferroelectrics","Integrated Ferroelectrics","IF",0
"Met.Mater.Int.","Met.Mater.Int.","MMI",0
"J.Chem.Soc., Faraday Trans.","J.Chem.Soc., Faraday Trans.","JCSFT",0
"Mol.Cryst.Liq.Cryst.","Mol.Cryst.Liq.Cryst.","MCLC",0
"Fiber Integr.Optics","Fiber Integr.Optics","FIO",0
"J.Anal.At.Spectrom.","J.Anal.At.Spectrom.","JAAS",0
"J.Phys.Chem.A","J.Phys.Chem.A","JPCA",0
"Ferroelectrics Lett.","Ferroelectrics Lett.","FL",0
"Metally","Metally","MY",0
"J.Phys.Chem.C","J.Phys.Chem.C","JPCC",0
"Cryst.Eng.Comm.","Cryst.Eng.Comm","CEC",0
"Adv.Mater.Sci.Eng.","Adv.Mater.Sci.Eng.","AMSE",0
"Bull.Polish Acad.Sci.:Tech.Sci.","Bull.PolishAcad.Sci.: Tech.Sci.","BPAS",0
"Croatica Chem.Acta","Croatica Chem.Acta","CCA",0
"Chem.Phys.Chem.","Chem.Phys.Chem.","CPC",0
"Res.Pap.Fac.Mater.Sci.Techn.Slovak Univ.Technol.","Res.Pap.Fac.Mater.Sci.Techn.Slovak Univ.Technol.","RPFE",0
"Intern.J.Corrosion","Intern.J.Corrosion","IJCO",0
"J.Modern Phys.","J.Modern Phys.","JMP",0
"J.Inorgan.Mater.","J.Inorgan.Mater.","JIM",0
"New J.Phys.","New J.Phys.","NJP",0
"Adv.Mater.Res.","Adv.Mater.Res.","AMR",0
"Phys.Rev.& Res.Intern.","Phys.Rev.Res.Intern.","PR;RI",0
"Adv.Appl.Sci.Res.","Adv.Appl.Sci.Res.","AASR",0
"AIP Advances","AIP Advances","AA",0
"Bioceram.Develop.Appl.","Bioceram.Develop.Appl.","BDA",0
"Energy Res.J.","Energy Res.J.","ERJ",0
"J.Appl.Sci.Res.","J.Appl.Sci.Res.","JASR",0
"Sci.Sintering","Sci.Sintering","SS",0
"Mater.Sci.Appl.","Mater.Sci.Appl.","MSA",0
"EPJ Web Conferences","EPJ Web Conferences","EPJWC",0
"Open J.Inorg.Non-metal.Mater.","Open J.Inorg.Non-metal.Mater.","OJI",0
"New J.Glass Ceram.","New J.Glass Ceram.","NJGC",0
"J.Solid State Electrochem.","J.Solid State Electrochem.","JSSE",0
"Digest J.Nanomater.Biostr.","Digest J.Nanomater.Biostr.","DJNB",0
"Sci.China;ser.E Engin.Mater.Sci.","Sci.China; ser.E Engin.Mater.Sci.","SCEM",0
"Electrocomp.Sci.Technol.","Electricomp.Sci.Technol.","EST",0
"Process.Applic.Ceram.","Process.Applic.Ceram.","PAC",0
"Intern.J.Engin.Sci.Technol.","Intern.J.Engin.Sci.Technol.","IJEST",0
"Intern.J.Sci.Engin.Res.","Intern.J.Sci.Engin.Res.","IJSER",0
"Metallurg.Mater.Trans;A","Metallurg.Mater.Trans;A ","MMT;A",0
"J.Mater.Sci.Eng.","J.Mater.Sci.Eng.","JMSE",0
"Sci.China;ser.E Technol.Sci.","Sci.China; ser.E Technol.Sci.","SCET",0
"Adv.Mater.Sci.","Adv.Mater.Sci.","AMS",0
"Appl.Phys.Express","Appl.Phys.Express","APE",0
"Optoel.Advanc.Mater.-Rapid Comm.","Optoel.Advac.Mater.-Rapid Comm.","ORC",0
"J.Nonlin.Opt.Phys.Mater.","J.Nonlin.Opt.Phys.Mater.","JNOPM",0
"Pisma Zh.Tekhn.Fiz.","Pisma Zh.Tekhn.Fiz.","PZTF",0
"J.Cryst.Process Technol.","J.Cryst.Process Technol.","JCPT",0
"Macedonian J.Chem.Chem.Eng.","Macedonian J.Chem.Chem.Eng.","MJCCE",0
"Tectonophysics","Tectonophysics","TPh",0
"Optical Mater.Express","Optical Mater.Express","OME",0
"Eur.Phys.J.D","Eur.Phys.J.D","EPJD",0
"Chin.Sci.Bull.","Chin.Sci.Bull.","CSB",0
"J.Fundam.Sci.","J.Fundam.Sci.","JFS",0
"Phys.Intern.","Phys.Intern.","PHI",0
"J.Soc.Rheology Jpn","J.Soc.Rheology Jpn","JSRJ",0
"Appl.Phys.B","Appl.Phys.B","APB",0
"J.Korean Inst.Electr.Electron.Mater.Eng.","J.Korean Inst.Electr.Electron.Mater.Eng.","JKIEM",0
"J.Ceram.Proc.Res.","J.Ceram.Proc.Res.","JCPR",0
"Eur.Phys.J.E","Eur.Phys.J.E","EPJE",0
"Korean J.Chem.Eng.","Korean J.Chem.Eng.","KJCE",0
"J.Taiwan Inst.Chem.Eng.","J.Taiwan Inst.Chem.Eng.","JTICE",0
"Chemosphere","Chemosphere","CHS",0
"Intern.J.Engin.Res.Appl.","Intern.J.Engin.Res.Appl.","IJERA",0
"Inorganic Mater.","Inorganic Mster.","IM",0
"Transaction Mater.Processing","Transactions Mater.Processing","TMPR",0
"J.Korean Radioact.Waste Soc.","J.Korean Radioact.Waste Soc.","JKRWS",0
"Chin.J.Geochem.","Chin.J.Geochem.","CJG",0
"J.Opt.Soc.Korea","J.Opt.Soc.Korea","JOSK",0
"J.Korean Soc.Compos.Mater.","J.Korean Soc.Compos.Mater.","JKSCM",0
"J.Metallurgy","J.Metallurgy","JMET",0
"Funct.Mater.","Funct.Mater.","FM",0
"Adv.Mater.Phys.Chem.","Adv.Mater.Phys.Chem.","AMPC",0
"Laser Phys.Lett.","Laser Phys.Lett.","LPL",0
"J.Korean Soc.Mach.Tool Eng.","J.Korean Soc.Mach.Tool Eng.","JKSMTE",0
"J.Korean Crys.Growth Crys.Technol.","J.Korean Crys.Growth Cryst.Technol.","JKCGCT",0
"Adv.Electr.Electronic Eng.","Adv.Electr.Electronic.Eng.","AEEE",0
"Intern.J.Nonlin.Optical Phys.","Intern.J.Nonlin.Optical.Phys.","IJNOP",0
"J.Adv.Dielectric","J.Adv.Dielectrics","JAD",0
"Funct.Mater.Lett.","Funct.Mater.Lett.","FML",0
"Surface Rev.Lett.","Surface Rev.Lett.","SRL",0
"J.Ceram.","J.Ceram.","JCE",0
"Archives Phys.Res.(Scholars Res.Libr.)","Archives Phys.Res.(Scholars Res.Libr.)","APR",0
"Intern.J.Molec.Sci.","Intern.J.Molec.Sci.","IJMS",0
"Solid State Sci.Technol.","Solid State Sci.Technol.","SSST",0
"Materials","Materials","MAT",0
"J.Miner.Mater.Charact.Eng.","J.Miner.Mater.Charact.Eng.","JMMCE",0
"Iranian J.Mater.Sci.Eng.","Iranian J.Mater.Sci.Eng.","IJMSE",0
"World J.Condens.Matt.Phys.","World J.Condens.Matt.Phys.","WJCMP",0
"Antimicr.Agents Chemotherapy","Antimicr.Agents Chemotherapy","AAC",0
"Silic.Ind.","Silic.Ind.","SI",0
"Silicon","Silicon","SLC",0
"J.Sol-Gel Sci.Technol.","J.Sol-Gel Sci Technol.","JSGST",0
"Mater.Sci.Res.Intern.","Mater.Sci.Res.Intern.","MSRI",0
"J.Adv.Ceram.","J.Adv.Ceram.","JADC",0
"Chem.Phys.","Chem.Phys.","CPhys",0
"J.Asian Ceram.Soc.","J.Asian Ceram.Soc.","JASCS",0
"Optics and Photonic J.","Optics and photonics J.","OPJ",0
"ISRN Ceramics","ISRN Ceramic","ISRNC",0
"ISRN Spectroscopy","ISRN Spectroscopy","ISRNS",0
"J.Mining Metallurgy;B","J.Mining metallurg.; B","JMM;B",0
"J.Materials","J.Materials","JMAT",0
"Intern.J.Res.Pure Appl.Phys.","Intern.J.Res.Pure Appl.Phys.","IJRPAP",0
"Appl.Nanosci.","Appl.Nanosci.","AN",0
"J.Res.Pure Appl.Phys.","J.Res.Pure Appl.Phys.","JRPAP",0
"Sci.Rep.","Sci.Rep.","SR",0
"J.Korean Acad.Ind.Coop.Sc.","J.Korean Acad.Ind.Coop.Soc.","JKAICS",0
"Adv.Chem.Eng.Sci.","Adv.Chem.Eng.Sci.","ACES",0
"Rev.Sci.fond.app.","Rev.sci.fond.app.","RSFA",0
"J.Fundam.Applied Sci.","J.Fundam.Appl.Sci.","JFAS",0
"Malays.J.Fundam.Appl.Sci.","Malays.J.Fundam.Appl.Sci.","MJFAS",0
"Vestci Natcion.Acad.Navuk Belarusi","Vestci Akad.Navuk Belarusi","VNANB",0
"AIP Conference Proceedings","AIP Conference Proceedings","AIP;CP",0
"New Phys.: Sae Mull.","New Phys.: Sae Mull","NP;SM",0
"Natural Science","Natural Science","NS",0
"Phys.Res.Intern.","Phys.Res.Intern.","PRI",0
"J.Mater.Sci.Chem.Eng.","J.Mater.sci.Chem.Eng.","JMSCE",0
"Acta Physica Polonica","Acta Physica Polonica","APP",0
"Am.J.Mater.Sci.","Am.J.Mater.Sci.","AJMS",0
"Biomed Res.Intern.","BioMed Res.Intern.","BMRI",0
"Intern.J.Basic & Applied sciences","Intern.J.Basic & Applied Sciences","IJBAS",0
"Arch.Acoustic","Arch.Acoustic","AOA",0
"Intern.J.Recent Scientific Research","Intern.J.Recent Scientific Research","IJRSR",0
"Modern Applied Sci.","Modern Applied Sci.","MAS",0
"Proc.Symp.Ultrasonic Electronics","Proc.Symp.Ultrasonic Electronics","PSUE",0
"Intern.Confer.Appl.Mossbauer Effect, Croatia","Intern.Confer.Appl.Mossbauer Effect, Croatia","ICAME",0
"Prog.Color Colorants Coat.","Prog.Color Colorants Coat.","PCCC",0
"J.Fac.Eng.Arch.Selcuk Univ.","J.Fac.Eng.Arch.Selcuk Univ.","JFEASU",0
"Intern.Conf.Mechanical, Automotive Mater.Eng.","Intern.Conf.Mechanical, Automotive Mater.Eng.","ICMAME",0
"J.Chem.Chem.Eng.","J.Chem.Chem.Eng.","JCCE",0
"Mater.Trans.","Mater.Trans.","MTRANS",0
"J.Nanomater.","J.Nanomater.","JN",0
"Global Research Analysis","Global Research Analysis","GRA",0
"J.Spectroscopy","J.Spectroscopy","JS",0
"Mater.Phys.Mechan.","Mater.Phys.Mechan.","MPM",0
"Intern.J.Current Research","Intern.J.Current Research","IJCR",0
"Science Echoes","Science Echoes","SECH",0
"Rare Metals","Rare Metals","RAME",0
"Intern.J.Modern Phys.: Conf.Ser.","Intern.J.Modern Phys.: Conf.Ser.","IJMP",0
"Res.J.Physical Sci.","Res.J.Physical Sci.","RJPS",0
"Intern.J.Innov.Res.Sci., Engin.Techn.","Intern.J.Innov.Res.Sci., Engin.Techn.","IJIRS",0
"MATEC Web of Confer.","MATEC Web of Confer.","MWC",0
"J.Mech.Behav.Biomed.Mater.","J.Mech.Behav.Biomed.Mater.","JMBBM",0
"Res.J.Chem.Sci.","Res.J.Chem.Sci.","RJCS",0
"Moroc.J.Conden.Matter","Moroc.J.Conden.Matter","MJCM",0
"Comm.Fac.Sci.Univ.Ank.,Ser.B","Comm.Fac.Sci.Univ.Ank.,Ser.B","CFSUAB",0
"SOP Trans.Phys.Chem.","SOP Trans.Phys.Chem.","STPC",0
"Intern.J.Engin.Sci.","Intern.J.Engin.Sci.","IJES",0
"J.Sib.Fed.Univ.,Chemistry","J.Sib.Fed.Univ.,Chemistry","JSFU;C",0
"Indian J.Appl.Res.","Indian J.Appl.Res.","IJAR",0
"J.Nano-Electron.Physics","J.Nano-Electron.Physics","JN-EP",0
"Intern.J.Current Adv.Research","Intern.J.Current Adv.Research","IJCAR",0
"J.Teknologi (Science and Engineering)","J.Teknologi (Science and Engineering)","JT",0
"Afric.Phys.Review","Afric.Phys.Review","AFPR",0
"Nature and Science","Nature and Science","NAS",0
"Intern.J.Engin.Sci.Innov.Technol.","Intern.J.Engin.Sci.Innov.Technol.","IJESIT",0
"Adv.J.Phys.Sci.","Adv.J.Phys.Sci.","AJPS",0
"Sains Malays.","Sains Malays.","SAMA",0
"Appl.Mech.Mater.","Appl.Mech.Mater.","AMM",0
"Intern.J.Phys.Sci.","Intern.J.Phys.Sci.","IJPS",0
"J.Nanosci.Nanotechn.","J.Nanosci.Nanotechn.","JNN",0
"Intern.J.Sci.Research","Intern.J.Sci.Research","IJSR",0
"Electron.Mater.Lett.","Electron.Mater.Let.","ELML",0
"Intern.J.Appl.Phys.Mathem.","Intern.J.Appl.Phys.Mathem.","IJAPM",0
"Trans.Indian Inst.Met.","Trans.Indian Inst.Met.","TIIM",0
"Results in Physics","Results in Physics","RP",0
"Physics Procedia","Physics Procedia","PP",0
"Mater.Research Express","Mater.Research Express","MRE",0
"Bulgarian Chem.Comm.","Bulgarian Chem.Comm.","BCC",0
"Ukr.J.Phys.","Ukr.J.Phys.","UJP",0
"Ukr.J.Phys.Opt.","Ukr.J.Phys.Opt.","UJPO",0
"Nanoscale Res.Lett.                                                                                   ","Nanoscale Res.Lett.   ","NRL",0
"Colloid.Surfac.B: Biointerfaces","Colloid.Surfac.B: Biointerfaces","CSBB",0
"J.Phase Equilib.Diffus.","J.Phase Equilib.Diffus.","JPED",0
"J.Opt.","J.Opt.","JO",0
"APL Mater.","APL Mater.","APLM",0
"ECS Solid State Let.","ECS Solid State Let.","ECSSSL",0
"The Open Spectr. Journal","The Open Spectr. Journal","OSJ",0
"Mater.Express","Mater.Express","MEX",0
"Indian J.Mater.Sci.","Indian J.Mater.Sci.","IndJMS",0
"J.Integr. Sci.Technol. ","J.Integr.Sci.Technol.","JIST",0
"J.Res.Sci.","J.Res.Sci.","JORS",0
"Chin.J.Chem.Phys.","Chin.J.Chem.Phys.","CJCP",0
"Acta Periodica Technologica","Acta Periodica Technologica","APTEEF",0
"J.Optoelectron.Biomed.Mat.","J.Optoelectron.Biomed.Mat.","JOBM",0
"Optoelectronics Lett.","Optoelectronics Lett.","OPTE",0
"J.Chemistry","J.Chemistry","JCh",0
"Photonics and Optoelectronics","Photonics and Optoelectronics","PhO",0
"J.Jpn.Soc.Powder Powder Metal.","J.Jpn.Soc.Powder Powder Metal.","JJSPPM",0
"Progress in Nat.Science: Mater. Internat.","Progress in Nat.Science: Mater. Internat.","PNS:MI",0
"Adv.Appl.Ceramic","Adv.Appl.Ceramic","AdAC",0
"Advances in Optics","Advances in Optics","AIO",0
"Uspekhi v Khimii i Khim.Tekhnol.","Uspekhi v Khimii i Khim.Tekhnol.","UKKT",0
"Vestnik UyURGU, Ser.Matem.,Mekhan.,Fiz.","Vestnik UyURGU, Ser.Matem.,Mekhan.,Fiz.","VU;MMF",0
"Intern.J.Engin.Innov.Technol.","Intern.J.Engin.Innov.Technol.","IJEIT",0
"Intern.J.Adv.Res.Phys.Sci.","Intern.J.Adv.Res.Phys.Sci.","IJARPS",0
"Am.J.Conden.Mat.Phys","Am.J.Conden.Mat.Phys","AJCMP",0
"Intern.J.Chem.Phys.Sciences","Intern.J.Chem.Phys.Sciences","IJCPS",0
"Technologies","Technologies","TEC",0
"Geology and Geophys.","Geology and Geophys.","GG",0
"J.Biomater.Appl.","J.Biomater.Appl.","JBA",0
"Intern.J.Scientific Res.",,"IJSCR",0
"Fibers",,"FIB",0
"Vest.Tyumen.Gos.Univer., Khimiya",,"VTGU;K",0
"Frontiers in Bioengin.Biotechnol.",,"FBB",0
"J.Pure Appl.Indust.Phys.",,"JPAIP",0
"Arch.Mater.Sci.Engin.",,"AMSCE",0
"Asian J.Appl.Sci.",,"AsJAS",0
"Chin.J.Chem.",,"CJCh",0
"The J.Miner.Met.Mater.Soc","The J.Miner.Met.Mater.Soc","MMMS",0
"Chin.Phys.B","Chin.Phys.B","CPB",0
"Mater.Technology","Mater.Technology","MTE",0
"Mater.Techn.: Adv.Fun.Mater.","Mater.Techn.: Adv.Fun.Mater.","MT;AFM",0
"J.Appl.Mech.Eng.","J.Appl.Mech.Eng.","JAME",0
"Measurement","Measurement","MRT",0
"Eur.Phys.J.Plus","Eur.Phys.J.Plus","EPJP",0
"Solid State Phenomena","Solid State Phenomena","SSPH",0
"J.Clust.Sci.","J.Clust.Sci.","JClS",0
"J.Inorg.Organomet.Polym.","J.Inorg.Organomet.Polym.","JIOP",0
"Plasmonics","Plasmonics","PLS",0
"J.Chem.Eng. Process Technol.",,"JCEPT",0
"J.Biom., Biomater. Tissue Eng.",,"JBBTE",0
"Surface and Coatings Techn.",,"SCT",0
"Analytical Lett.",,"ANL",0
"Mater.Res.Innovat.",,"MRI",0
"Phosphorus, Sulfur, and Silicon and the Related Elements",,"PSSRE",0
"Am.J. of Optics and Photonics",,"AJOP",0
"Particulate Sci.Techn.:An Intern. Journal",,"PST",0
"Mater.Today: Proceedings",,"MTP",0
"Am.J.Physics and Appl.",,"AJPA",0
"Austr.J.Basic and Appl.Sci.",,"AJBAS",0
"Crystal Growth Design",,"CGD",0
"Intern.J.Minerals, Metallurgy and Materials ",,"IJMMM",0
"Radiation Sci.Techn.",,"RST",0
"Pure Appl.Chem.",,"PACh",0
"Khimicheskaya Tekhnologiya",,"KHT",0
"Romanian J.Materials",,"RJM",0
"Glass Physics and Chemistry",,"GPC",0
"Arab.J.Sci.Eng.",,"AJSE",0
"Procedia Mater.Sci.",,"PMS",0
"Am.J.Modern Phys.",,"AJMP",0
"Optik",,"OP",0
"Am.J.Aerospace Engineering",,"AJAE",0
"J.Taibah Univ.Sci.",,"JTUS",0
"Heliyon",,"HEL",0
"Mater.Design",,"MD",0
"Procedia CIRP",,"PCIRP",0
"Euro.J.Appl.Eng.Sci.Res.",,"EJAESR",0
"Photonics Research",,"PHR",0
"Journal of Advanced Research",,"JAR",0
"PLOS ONE",,"PLOS",0
"Royal Soc.Open Science",,"RSOS",0
"ISRN Mater.Science",,"ISRNMS",0
"British J.Appl.Sci.Techn.",,"BJAST",0
"Composites Part B",,"COMB",0
"J.Tissue Engin.",,"JTE",0
"Proc.Nat.Acad.Sci.USA",,"PNAS",0
"J.King Saud Univ.-Science",,"JKSUS",0
"RSC Advances",,"RSCA",0
